Date,Open,High,Low,Close
1/1/2019,1187.2732,1196.2232,1183.8359,1185.8526
1/2/2019,1185.8731,1186.9344,1180.2974,1180.4287
1/3/2019,1180.4287,1185.5265,1178.0485,1178.0115
1/6/2019,1178.0115,1181.923,1170.0397,1170.7913
1/7/2019,1170.7913,1181.215,1170.3602,1177.4649
1/8/2019,1177.4864,1180.9041,1175.8284,1177.0659
1/9/2019,1177.0269,1183.17,1176.7589,1179.3575
1/10/2019,1179.3575,1183.1874,1179.0389,1180.8378
1/13/2019,1181.3353,1182.4403,1173.2931,1175.0546
1/14/2019,1174.4275,1186.8661,1175.3827,1178.0268
1/15/2019,1178.1499,1195.5402,1178.6199,1195.5355
1/16/2019,1195.5355,1200.4282,1187.8194,1187.9668
1/17/2019,1187.9668,1190.7326,1186.2445,1187.7656
1/20/2019,1189.1072,1191.4148,1176.7805,1178.9193
1/21/2019,1178.9193,1179.3534,1166.7989,1168.0554
1/22/2019,1168.0554,1172.5833,1162.5592,1168.8335
1/23/2019,1168.8335,1173.1226,1167.7941,1172.9801
1/24/2019,1172.5293,1175.505,1169.8616,1172.7755
1/27/2019,1172.7755,1173.2095,1160.6792,1162.092
1/28/2019,1162.0913,1164.8856,1161.3716,1164.8856
1/29/2019,1164.8856,1165.2432,1159.6233,1160.9911
1/30/2019,1161.0142,1163.4943,1159.2178,1160.5903
1/31/2019,1160.5903,1163.9088,1160.0358,1161.6255
2/3/2019,1161.6255,1161.6255,1151.7604,1153.1225
2/4/2019,1153.1225,1155.1524,1143.9704,1144.2679
2/5/2019,1144.2679,1149.5574,1142.7209,1147.0999
2/6/2019,1147.0999,1148.1255,1138.3998,1139.7223
2/7/2019,1139.7543,1141.1382,1137.0777,1139.5726
2/10/2019,1139.6423,1140.1483,1125.5781,1127.5266
2/11/2019,1127.5266,1132.6878,1124.4101,1128.863
2/12/2019,1128.8631,1132.4962,1126.0528,1128.1915
2/13/2019,1128.1915,1132.3985,1120.3052,1121.0798
2/14/2019,1121.0798,1121.687,1112.0934,1112.8711
2/17/2019,1112.8985,1122.4187,1107.6308,1109.7197
2/18/2019,1111.0714,1111.3401,1101.5226,1102.5147
2/19/2019,1102.5147,1124.9561,1102.2354,1124.9561
2/20/2019,1125.3402,1129.0617,1111.8276,1112.2313
2/21/2019,1112.2777,1114.1768,1109.7809,1113.068
2/24/2019,1113.068,1116.4282,1101.6335,1102.3223
2/25/2019,1102.3223,1110.0873,1099.9768,1109.7288
2/26/2019,1109.8248,1110.5116,1101.4825,1102.557
2/27/2019,1102.5816,1111.2857,1102.8773,1105.5273
3/3/2019,1105.5365,1108.8436,1099.2226,1100.5794
3/5/2019,1100.5798,1104.8428,1098.9511,1102.6408
3/6/2019,1102.6582,1111.8736,1100.9041,1111.7619
3/7/2019,1111.803,1127.7722,1111.7022,1127.7722
3/10/2019,1127.7724,1129.4891,1118.0079,1128.6587
3/11/2019,1128.6587,1142.9871,1125.7049,1142.9341
3/12/2019,1142.9341,1163.32,1143.0655,1163.2606
3/13/2019,1163.692,1166.2921,1148.0453,1150.0979
3/14/2019,1150.1152,1156.9219,1142.696,1155.4642
3/17/2019,1155.4643,1165.5356,1155.3904,1161.4498
3/18/2019,1161.4698,1164.6911,1153.5884,1153.9779
3/19/2019,1153.9779,1158.8066,1146.8749,1147.46
3/21/2019,1147.5011,1150.3757,1139.3476,1140.5705
3/24/2019,1140.5705,1142.1468,1130.9456,1134.7976
3/25/2019,1134.7976,1139.7889,1131.8184,1138.6534
3/26/2019,1138.6665,1141.2071,1136.2028,1140.712
3/27/2019,1140.537,1142.9545,1139.8642,1142.5237
3/28/2019,1142.5237,1145.0145,1140.1127,1144.4947
3/31/2019,1144.4947,1149.8185,1139.5065,1143.554
4/1/2019,1143.554,1152.3658,1142.0552,1149.7534
4/2/2019,1149.7534,1164.9812,1149.6859,1163.8246
4/3/2019,1163.6745,1172.5054,1158.7206,1165.8363
4/4/2019,1166.0806,1169.8827,1159.8985,1165.2002
4/7/2019,1165.2002,1182.4249,1161.5926,1182.3602
4/8/2019,1182.9919,1198.0624,1179.3946,1191.6798
4/9/2019,1191.6798,1194.7379,1179.7527,1181.0954
4/10/2019,1181.0954,1188.154,1174.7442,1184.6108
4/11/2019,1184.6108,1190.0617,1180.134,1184.017
4/15/2019,1184.2116,1188.8526,1181.824,1188.7149
4/16/2019,1188.7149,1212.0496,1187.6984,1212.0496
4/17/2019,1212.0496,1223.6812,1209.511,1217.0425
4/18/2019,1216.8424,1232.28,1214.9337,1232.3062
4/21/2019,1232.3065,1264.3991,1230.0467,1264.196
4/22/2019,1264.5963,1280.176,1246.9695,1256.9366
4/23/2019,1256.9366,1268.3235,1248.4923,1260.15
4/24/2019,1265.1657,1280.844,1261.5796,1279.2892
4/25/2019,1279.2892,1297.047,1279.5475,1292.1203
4/28/2019,1292.9974,1323.0866,1293.1919,1314.5134
4/29/2019,1317.1579,1323.1904,1298.619,1310.3063
4/30/2019,1310.3063,1316.618,1295.9265,1298.6027
5/2/2019,1298.6027,1300.5275,1282.8419,1294.3908
5/5/2019,1294.3908,1294.9511,1276.49,1277.6767
5/6/2019,1278.2117,1299.4053,1270.0384,1299.4053
5/7/2019,1299.3884,1311.2724,1295.4934,1301.2762
5/8/2019,1301.1987,1304.3845,1295.1142,1297.5999
5/9/2019,1297.5999,1302.6811,1289.9779,1291.9641
5/12/2019,1291.9641,1295.1697,1284.0095,1295.0336
5/13/2019,1295.7421,1301.8426,1295.831,1301.3363
5/14/2019,1301.343,1321.2318,1301.6089,1315.4541
5/15/2019,1317.0897,1334.1204,1316.0934,1321.0031
5/16/2019,1322.1681,1326.8545,1313.7446,1318.7115
5/19/2019,1319.9096,1322.259,1312.5447,1316.8398
5/20/2019,1317.4556,1323.4209,1304.8812,1307.7138
5/21/2019,1307.9715,1317.9829,1304.3388,1312.1384
5/22/2019,1313.4532,1322.7573,1313.8797,1319.6301
5/23/2019,1320.93,1324.1507,1308.61,1314.5459
5/26/2019,1314.8353,1318.1037,1301.0916,1302.614
5/27/2019,1302.8662,1309.9824,1298.3164,1302.9554
5/28/2019,1304.0765,1307.1631,1300.3839,1305.4899
5/29/2019,1306.6397,1315.2283,1306.5109,1313.8844
5/30/2019,1321.6854,1349.9451,1317.5847,1319.4687
6/2/2019,1320.073,1320.1654,1304.3599,1305.6797
6/3/2019,1306.3015,1308.8643,1290.6747,1292.8376
6/4/2019,1292.7988,1297.9384,1286.3563,1289.2798
6/6/2019,1295.9294,1296.9617,1284.5911,1284.5919
6/10/2019,1278.2659,1289.6124,1274.2086,1275.8159
6/11/2019,1275.9058,1281.3353,1274.7076,1275.9865
6/12/2019,1275.7097,1277.0422,1267.0966,1272.4795
6/13/2019,1272.6161,1274.8323,1264.2069,1269.6324
6/16/2019,1269.5252,1271.6127,1256.8559,1258.2739
6/17/2019,1259.1237,1264.9712,1254.5161,1260.902
6/18/2019,1260.7559,1263.7296,1258.0064,1258.6695
6/19/2019,1258.9042,1262.1991,1256.587,1258.4689
6/20/2019,1258.7625,1266.4084,1257.8676,1264.3646
6/23/2019,1264.6037,1265.8218,1253.2773,1254.3533
6/24/2019,1254.4488,1260.317,1253.0177,1260.117
6/25/2019,1260.155,1264.5231,1259.3587,1261.0727
6/26/2019,1261.1039,1261.5916,1255.311,1258.2949
6/27/2019,1258.5913,1260.4494,1256.5414,1257.1581
6/30/2019,1257.7709,1259.7859,1244.4405,1244.8931
7/1/2019,1245.6056,1245.6863,1237.4004,1242.0374
7/2/2019,1242.6638,1253.0607,1238.7048,1253.0607
7/3/2019,1253.5412,1270.1368,1249.5015,1268.7399
7/4/2019,1269.478,1272.7929,1258.594,1260.5028
7/7/2019,1261.0432,1264.0026,1254.9467,1256.0493
7/8/2019,1256.2078,1257.5862,1245.5836,1247.3542
7/9/2019,1247.5635,1252.2128,1244.3505,1250.2739
7/10/2019,1250.3823,1251.9303,1246.1551,1249.1516
7/11/2019,1249.2934,1251.0926,1247.6251,1248.5468
7/14/2019,1248.5468,1253.0919,1248.5385,1249.494
7/15/2019,1249.9193,1254.9611,1249.0354,1254.5691
7/16/2019,1285.5432,1285.7171,1256.3454,1259.0172
7/17/2019,1259.0236,1275.0222,1258.809,1274.8648
7/18/2019,1275.7066,1283.6343,1272.4163,1272.4968
7/21/2019,1275.2302,1276.4552,1265.486,1268.7497
7/22/2019,1268.7497,1272.3867,1267.9048,1271.2306
7/23/2019,1271.2425,1279.5631,1271.2248,1277.1743
7/24/2019,1277.1509,1285.0765,1276.0132,1284.0722
7/25/2019,1284.074,1284.4177,1269.2797,1269.9227
7/28/2019,1270.4824,1270.4923,1250.1023,1252.8078
7/29/2019,1252.8078,1259.819,1252.725,1255.9891
7/30/2019,1256.0127,1262.274,1256.0171,1259.379
7/31/2019,1259.5213,1267.7772,1257.7219,1265.579
8/1/2019,1265.4881,1271.039,1262.4086,1263.8403
8/4/2019,1264.5499,1266.4916,1258.2158,1259.6442
8/5/2019,1260.2791,1261.7429,1253.3567,1255.0962
8/6/2019,1255.6753,1255.7582,1243.7403,1245.733
8/7/2019,1244.8103,1250.0848,1239.4013,1248.4864
8/8/2019,1249.0217,1249.109,1237.3054,1238.5643
8/11/2019,1238.3448,1238.3934,1229.6222,1233.7195
8/12/2019,1234.3261,1236.8982,1232.0823,1233.8536
8/13/2019,1234.5316,1236.4973,1228.8878,1231.07
8/14/2019,1231.07,1231.5648,1224.4073,1225.9026
8/15/2019,1225.308,1226.0697,1221.7391,1224.0399
8/18/2019,1223.0645,1226.5855,1214.2616,1214.8363
8/19/2019,1214.864,1229.5172,1210.7287,1222.0661
8/20/2019,1222.1917,1222.9079,1212.0606,1213.6376
8/21/2019,1213.6376,1216.3336,1209.7144,1214.0575
8/22/2019,1214.0575,1220.9097,1212.1185,1213.0671
8/25/2019,1213.0433,1213.3982,1201.6318,1209.6214
8/26/2019,1209.6552,1210.2433,1199.2283,1203.1347
8/27/2019,1203.1347,1212.3139,1203.3788,1208.0095
8/28/2019,1208.0353,1213.4665,1196.9387,1197.7516
8/29/2019,1197.9233,1201.3258,1194.0643,1196.4176
9/1/2019,1196.5794,1198.5823,1183.8962,1184.7871
9/2/2019,1184.9632,1190.9152,1167.79,1170.341
9/3/2019,1170.3559,1191.3122,1156.6757,1190.9065
9/4/2019,1191.4437,1198.5437,1183.19,1194.7745
9/5/2019,1195.4783,1197.2287,1188.8863,1191.0715
9/8/2019,1192.0721,1192.33,1176.3067,1178.4601
9/9/2019,1178.4774,1180.2988,1166.0905,1168.9163
9/10/2019,1168.9163,1172.8634,1161.0834,1166.6746
9/11/2019,1166.6822,1168.087,1161.9504,1163.214
9/12/2019,1163.7115,1164.149,1156.2527,1157.8852
9/15/2019,1157.6814,1161.9121,1139.0665,1140.0171
9/16/2019,1140.4977,1140.556,1121.7215,1123.8351
9/17/2019,1127.2611,1152.6403,1127.2611,1150.7423
9/18/2019,1150.6599,1173.575,1150.6599,1173.4265
9/19/2019,1173.4265,1178.318,1154.336,1155.3021
9/22/2019,1155.3021,1157.8953,1135.0779,1139.2553
9/23/2019,1139.9227,1148.3015,1137.8348,1140.9891
9/24/2019,1140.9928,1141.7167,1132.625,1134.5669
9/25/2019,1134.5669,1136.7437,1130.3067,1131.5348
9/26/2019,1131.5348,1133.8086,1128.4389,1129.8078
9/29/2019,1129.8156,1131.8706,1123.5987,1125.1471
9/30/2019,1125.4971,1136.3831,1121.045,1135.5666
10/1/2019,1135.4163,1146.1151,1134.8188,1145.6945
10/2/2019,1145.6945,1149.7099,1139.8282,1140.7106
10/3/2019,1140.7104,1149.4856,1138.5868,1149.4
10/10/2019,1149.4,1151.8893,1147.9522,1149.0119
10/14/2019,1149.0119,1151.5497,1134.8728,1136.9644
10/15/2019,1136.9644,1142.1032,1134.9242,1142.0454
10/16/2019,1142.0452,1143.1016,1136.0013,1137.0369
10/17/2019,1137.0369,1140.3864,1135.4501,1137.7501
10/20/2019,1137.7499,1138.9945,1132.3568,1133.732
10/21/2019,1133.735,1135.8602,1130.1494,1132.399
10/22/2019,1132.4512,1135.1391,1130.2035,1134.8102
10/23/2019,1135.4016,1142.9811,1135.4016,1142.6142
10/24/2019,1142.4103,1150.5732,1141.2917,1149.3416
10/31/2019,1149.3635,1151.5928,1143.0061,1146.17
11/3/2019,1146.17,1147.0116,1136.3017,1139.2944
11/4/2019,1139.2944,1141.2216,1135.9635,1140.2634
11/5/2019,1140.2634,1141.9034,1138.489,1139.4573
11/6/2019,1139.4573,1141.095,1136.7172,1138.0212
11/7/2019,1138.2771,1139.3631,1131.004,1131.9854
11/10/2019,1132.4711,1135.9053,1129.8318,1131.8028
11/11/2019,1132.7025,1147.7933,1132.7025,1145.5704
11/12/2019,1145.9162,1147.1259,1138.5737,1139.9611
11/13/2019,1139.9609,1140.7717,1133.4135,1135.1642
11/14/2019,1135.1588,1139.5929,1133.5949,1135.9512
11/17/2019,1135.7322,1137.2571,1129.1507,1131.3636
11/18/2019,1131.4061,1133.515,1128.0041,1131.1282
11/19/2019,1131.1332,1132.4148,1127.9079,1129.9922
11/20/2019,1130.0189,1139.9823,1127.6335,1128.3405
11/21/2019,1128.3466,1128.6923,1118.009,1120.622
11/24/2019,1120.622,1121.9512,1108.714,1110.084
11/25/2019,1110.1187,1112.1991,1102.4419,1110.0826
11/26/2019,1110.0826,1112.1525,1107.2436,1109.1679
11/27/2019,1109.0953,1117.5134,1107.9763,1117.4649
11/28/2019,1117.6466,1119.8408,1112.6743,1112.79
12/1/2019,1112.7987,1114.3568,1109.9771,1112.8587
12/2/2019,1112.8587,1113.744,1110.934,1111.9948
12/3/2019,1112.0692,1117.9319,1111.1082,1115.7478
12/4/2019,1116.1292,1128.173,1116.1292,1124.4742
12/5/2019,1124.4742,1135.0008,1124.4419,1131.9246
12/8/2019,1131.9246,1135.3785,1125.6907,1135.3785
12/9/2019,1135.3784,1155.0734,1132.8638,1148.8926
12/10/2019,1149.0952,1158.1753,1147.3475,1151.3681
12/11/2019,1151.3683,1166.3642,1150.8422,1161.4761
12/12/2019,1162.2575,1175.4003,1159.8287,1172.6469
12/15/2019,1172.4453,1182.118,1159.7646,1167.8658
12/16/2019,1167.8658,1170.8573,1152.9343,1154.1156
12/17/2019,1154.1156,1158.3668,1150.6501,1155.3763
12/18/2019,1155.3276,1158.153,1150.0145,1152.0672
12/19/2019,1152.0672,1154.3685,1148.3256,1149.6461
12/22/2019,1149.6204,1151.3727,1147.673,1150.8198
12/23/2019,1150.929,1168.8781,1150.929,1168.5848
12/24/2019,1169.3282,1176.7034,1164.0242,1166.2163
12/25/2019,1166.5628,1173.1464,1165.6341,1168.0351
12/26/2019,1167.7409,1170.4539,1165.8761,1167.4162
12/29/2019,1166.8641,1167.3388,1159.2151,1162.4303
12/30/2019,1161.8209,1167.9564,1159.2248,1167.9564
12/31/2019,1168.6119,1171.6803,1163.0087,1166.0352
1/1/2020,1166.5214,1169.5044,1163.9797,1169.5044
1/2/2020,1169.8853,1171.7853,1165.1269,1166.2187
1/5/2020,1166.2187,1187.414,1163.2329,1182.4326
1/6/2020,1183.3577,1200.6961,1183.256,1200.6961
1/7/2020,1200.6581,1218.2037,1200.6581,1216.9256
1/8/2020,1217.7818,1223.7416,1207.2555,1209.6026
1/9/2020,1209.8724,1216.2804,1206.496,1213.1151
1/12/2020,1213.1911,1255.8049,1213.1911,1255.7229
1/13/2020,1260.0164,1285.7424,1258.9765,1270.8662
1/14/2020,1271.1172,1274.9158,1253.9698,1263.3835
1/15/2020,1263.328,1287.2792,1263.328,1284.2308
1/16/2020,1284.2863,1313.6758,1284.2863,1310.2307
1/19/2020,1310.2697,1349.6239,1310.2697,1343.6577
1/20/2020,1342.7026,1359.6584,1308.3838,1317.1164
1/21/2020,1318.6555,1331.6106,1308.9288,1320.4744
1/22/2020,1324.3241,1326.186,1310.6457,1313.4222
1/23/2020,1314.1662,1320.8875,1294.5166,1297.4763
1/26/2020,1298.6736,1299.6769,1275.3445,1276.6817
1/27/2020,1276.682,1300.6293,1273.7874,1300.6293
1/28/2020,1300.6585,1316.4458,1300.6585,1306.1529
1/29/2020,1306.1603,1311.8108,1302.0801,1305.8808
1/30/2020,1306.2929,1332.3942,1306.2929,1325.3887
2/2/2020,1325.615,1350.142,1325.615,1346.6486
2/3/2020,1347.838,1355.4061,1339.5317,1349.1375
2/4/2020,1351.0127,1353.34,1333.8986,1337.049
2/5/2020,1338.5084,1342.7396,1335.4859,1342.3635
2/6/2020,1341.7334,1346.8984,1331.0141,1333.691
2/9/2020,1332.9105,1333.8584,1316.064,1319.9918
2/10/2020,1320.7719,1330.1298,1315.2383,1324.2682
2/11/2020,1324.3112,1343.0633,1323.6903,1341.3823
2/12/2020,1341.0783,1353.3553,1340.8562,1345.9799
2/13/2020,1346.4544,1354.9294,1342.5524,1344.5917
2/16/2020,1344.7343,1364.0199,1344.7343,1363.9772
2/17/2020,1364.3489,1403.4342,1364.3489,1398.2409
2/18/2020,1398.8504,1417.8381,1387.6632,1400.0129
2/19/2020,1399.2955,1407.0071,1388.9255,1405.2572
2/20/2020,1405.5141,1434.7016,1405.5141,1434.5798
2/23/2020,1435.8726,1511.1427,1435.8726,1504.1417
2/24/2020,1507.9838,1537.5457,1498.376,1502.1805
2/25/2020,1504.8069,1545.1982,1479.6157,1545.1982
2/26/2020,1547.2087,1596.7803,1546.9824,1596.1318
2/27/2020,1597.2362,1635.9309,1556.2888,1632.1786
3/1/2020,1638.3656,1668.5756,1589.4662,1591.3622
3/2/2020,1593.0868,1593.5935,1495.3029,1495.3029
3/3/2020,1491.2331,1540.6795,1438.2559,1509.6753
3/4/2020,1511.4161,1514.3284,1439.105,1441.202
3/5/2020,1442.9252,1464.7808,1407.5471,1435.7008
3/10/2020,1435.8614,1436.883,1349.1315,1349.3157
3/11/2020,1349.8624,1423.092,1349.2147,1423.092
3/12/2020,1424.6013,1431.0865,1371.1789,1377.1848
3/15/2020,1377.1147,1377.1147,1310.5423,1313.0427
3/16/2020,1312.692,1334.3412,1291.6764,1316.3966
3/17/2020,1316.3966,1321.502,1266.4411,1272.0678
3/18/2020,1272.103,1287.384,1233.9726,1255.8031
3/19/2020,1255.8031,1279.3174,1222.5615,1269.6564
3/22/2020,1269.3075,1275.4173,1246.1973,1251.4557
5/12/2020,1251.4014,1251.4014,1226.159,1226.159
5/13/2020,1225.6801,1232.8501,1201.5775,1201.5775
6/29/2020,1197.0897,1201.0214,1149.182,1188.708
6/30/2020,1187.2594,1260.7574,1185.1718,1260.7574
7/1/2020,1261.1593,1336.5251,1260.2444,1336.5251
7/2/2020,1344.7766,1362.3952,1256.1115,1256.1115
7/5/2020,1256.0315,1281.3269,1241.6474,1265.4592
7/6/2020,1265.4592,1298.786,1259.1185,1298.7326
7/7/2020,1300.41,1346.0525,1299.7238,1336.6656
7/8/2020,1338.5441,1343.7762,1318.9319,1326.5363
7/9/2020,1327.134,1333.3567,1311.9712,1331.2704
7/12/2020,1331.319,1351.9004,1331.0911,1340.2945
7/13/2020,1342.5951,1352.692,1333.9938,1342.4098
7/14/2020,1344.4266,1349.4784,1340.569,1347.4473
7/15/2020,1347.8883,1368.016,1347.864,1362.3492
7/16/2020,1364.2489,1395.9963,1362.3856,1394.7714
7/19/2020,1408.5155,1479.0345,1408.5155,1479.0345
7/20/2020,1532.4075,1560.588,1458.2102,1464.9403
7/21/2020,1472.1978,1479.5197,1444.0945,1449.9491
7/22/2020,1452.784,1461.4193,1429.1251,1432.4889
7/23/2020,1434.0862,1442.8099,1417.0539,1442.7092
7/26/2020,1445.6025,1465.3337,1444.5059,1465.1093
7/27/2020,1467.8941,1476.0042,1456.0983,1462.4848
7/28/2020,1463.8101,1466.4373,1449.8356,1454.8906
7/29/2020,1452.5228,1452.5844,1430.6601,1431.529
7/30/2020,1433.1448,1444.4722,1420.931,1439.0622
8/2/2020,1441.2647,1441.2647,1395.2105,1396.28
8/3/2020,1395.0837,1411.4607,1384.2543,1403.8672
8/5/2020,1403.8672,1403.9512,1374.4398,1382.6655
8/6/2020,1387.4448,1388.8481,1365.0659,1381.3778
8/9/2020,1383.9898,1392.6818,1362.7229,1392.6818
8/10/2020,1394.7833,1430.4196,1393.7023,1430.4196
8/11/2020,1433.3584,1441.6849,1420.9344,1423.8103
8/12/2020,1425.4005,1427.7695,1413.4031,1425.32
8/13/2020,1431.894,1431.894,1406.9777,1408.7918
8/16/2020,1407.8554,1408.5112,1380.9543,1391.4646
8/17/2020,1391.7971,1402.3651,1385.609,1402.2179
8/18/2020,1403.9897,1414.688,1400.6217,1407.8993
8/19/2020,1409.4427,1409.7177,1386.8989,1391.2952
8/20/2020,1391.2533,1403.9619,1389.353,1397.5707
8/23/2020,1399.4889,1410.3732,1393.9049,1410.3447
8/24/2020,1413.0992,1433.2588,1412.33,1431.6068
8/25/2020,1435.2145,1441.0184,1427.8695,1440.9422
8/26/2020,1445.1914,1471.6604,1444.8715,1462.0394
8/27/2020,1467.0766,1473.1819,1454.7262,1458.04
8/30/2020,1459.1677,1462.6872,1444.0889,1462.6795
8/31/2020,1466.577,1494.5336,1466.2861,1484.9929
9/2/2020,1491.4034,1519.958,1491.4034,1510.5729
9/3/2020,1524.1909,1526.4283,1497.0827,1510.4248
9/6/2020,1552.4349,1499.9786,1499.9786,1499.9787
9/7/2020,1503.3758,1503.4414,1483.4974,1487.8109
9/8/2020,1491.3337,1500.4351,1477.2046,1495.1567
9/9/2020,1498.5034,1512.0378,1494.9514,1508.2082
9/10/2020,1514.3251,1532.6603,1511.8544,1520.6946
9/13/2020,1528.157,1537.25,1521.2131,1537.25
9/14/2020,1545.6892,1553.6148,1538.1475,1540.5121
9/15/2020,1544.716,1548.4867,1531.0527,1536.0386
9/16/2020,1537.3518,1543.9854,1526.3089,1541.4017
9/17/2020,1555.8614,1578.4232,1546.5791,1572.1855
9/20/2020,1595.4753,1605.472,1573.8468,1575.1838
9/21/2020,1587.8275,1588.0456,1560.9095,1569.0648
9/22/2020,1576.5536,1577.7813,1541.6789,1546.1585
9/23/2020,1543.3709,1555.5315,1534.7023,1555.5275
9/24/2020,1565.3132,1565.7275,1554.1806,1561.2702
9/27/2020,1569.0622,1575.499,1561.9185,1565.5559
9/28/2020,1566.4411,1569.6967,1557.327,1560.8308
9/29/2020,1564.9286,1564.9286,1552.3984,1553.624
9/30/2020,1561.5892,1563.5415,1542.5552,1550.4348
10/1/2020,1553.9582,1573.0405,1553.9212,1571.0434
10/4/2020,1577.778,1588.6455,1577.7726,1585.7568
10/5/2020,1587.3131,1594.9091,1580.4302,1582.1251
10/6/2020,1588.0176,1588.1157,1581.5434,1586.2942
10/7/2020,1593.0457,1602.2443,1587.4161,1600.9762
10/8/2020,1607.5271,1614.6507,1586.9022,1589.6393
10/11/2020,1594.0105,1594.4638,1574.4389,1576.2713
10/12/2020,1580.1466,1581.0507,1566.547,1578.0118
10/13/2020,1583.2927,1584.8421,1567.2175,1568.5949
10/14/2020,1572.3535,1573.2648,1560.1392,1561.1708
10/15/2020,1564.6933,1579.8494,1560.1513,1562.4649
10/18/2020,1565.9076,1568.0328,1554.0166,1556.8028
10/19/2020,1556.8584,1570.3941,1555.1377,1570.3838
10/20/2020,1576.6246,1583.7799,1572.8108,1583.7799
10/21/2020,1591.0444,1597.7851,1588.7092,1597.715
10/22/2020,1609.1161,1610.6676,1596.0869,1606.2552
10/28/2020,1612.5083,1647.6158,1612.2035,1647.4596
10/29/2020,1661.6459,1663.8671,1640.1449,1645.679
11/1/2020,1654.156,1654.156,1634.1337,1640.9593
11/2/2020,1644.0168,1646.9196,1635.3865,1637.6311
11/3/2020,1636.2003,1644.9336,1635.0791,1643.0351
11/4/2020,1645.531,1645.9794,1638.5471,1640.6426
11/5/2020,1644.9495,1645.2899,1634.2152,1636.0942
11/8/2020,1643.2908,1648.5849,1637.6919,1648.5849
11/9/2020,1648.7572,1661.4121,1648.0438,1652.8079
11/10/2020,1660.3782,1678.7918,1658.5229,1678.7918
11/11/2020,1681.8285,1707.758,1681.4488,1707.6799
11/12/2020,1713.7117,1722.5164,1702.474,1718.4973
11/18/2020,1721.64,1742.4829,1708.3137,1741.8125
11/19/2020,1750.4206,1781.1213,1749.199,1778.1282
11/22/2020,1791.2168,1812.3243,1761.5348,1782.8146
11/23/2020,1789.3564,1792.814,1771.7477,1780.4315
11/24/2020,1790.1946,1814.1841,1785.7274,1810.1146
11/25/2020,1820.8701,1875.0985,1819.9087,1874.816
11/26/2020,1894.7878,1927.4156,1878.0947,1893.2473
11/29/2020,1912.1147,1972.0508,1911.5057,1968.2715
11/30/2020,2000.0047,2028.7295,1970.8097,1997.0582
12/1/2020,2009.461,2022.9394,1964.2158,2000.4049
12/2/2020,2016.8254,2078.4139,2016.8254,2071.0295
12/3/2020,2090.797,2118.6789,2040.698,2055.4552
12/6/2020,2051.5133,2051.5684,1932.1141,1932.1141
12/7/2020,1929.467,2004.3906,1898.8956,2004.3906
12/8/2020,2033.9734,2048.4713,1981.7186,1995.3505
12/9/2020,2006.4069,2010.6309,1948.658,1955.7521
12/10/2020,1954.6055,1974.4701,1938.4419,1964.0205
12/13/2020,1973.7579,2011.0736,1967.0416,2010.453
12/14/2020,2022.7275,2069.3526,2021.0137,2067.1724
12/15/2020,2085.5688,2101.466,2050.3272,2061.4179
12/16/2020,2097.2001,2097.2001,2041.7585,2055.2209
12/17/2020,2058.7244,2059.9798,2025.0098,2032.5183
12/20/2020,2046.5703,2046.5703,1933.5428,1935.6361
12/21/2020,1919.0535,1978.2137,1873.7871,1965.9613
12/22/2020,1987.4767,2061.4191,1986.4174,2061.4191
12/23/2020,2094.2769,2128.8458,2063.0725,2068.458
12/24/2020,2091.5974,2091.5974,2025.3056,2038.6301
12/27/2020,2047.129,2049.236,1994.4847,1998.7294
12/28/2020,1998.8192,2013.7961,1979.555,2007.3232
12/29/2020,2016.2661,2031.5831,2008.9202,2012.8941
12/30/2020,2023.5987,2064.2557,2022.8945,2062.0648
12/31/2020,2079.3744,2112.9337,2073.0474,2087.2796
1/3/2021,2104.8569,2175.9644,2104.8131,2175.3994
1/4/2021,2207.0527,2216.6387,2153.1061,2169.0418
1/5/2021,2167.8201,2182.8721,2149.0494,2165.4973
1/6/2021,2170.8267,2185.7709,2169.7648,2178.5707
1/7/2021,2181.2709,2205.065,2178.4128,2194.4853
1/10/2021,2201.3819,2238.8491,2201.2136,2235.7281
1/11/2021,2264.2745,2271.3449,2228.4042,2239.4267
1/12/2021,2243.1674,2268.2902,2233.2786,2267.7376
1/13/2021,2279.0438,2296.7256,2277.2039,2286.5459
1/17/2021,2299.3364,2318.6646,2297.5051,2315.0088
1/18/2021,2333.878,2340.8854,2318.8753,2332.4706
1/19/2021,2361.9932,2364.7725,2303.6547,2326.9039
1/20/2021,2361.5224,2365.3366,2321.8658,2342.7697
1/21/2021,2372.8629,2376.9323,2354.5263,2374.6427
1/24/2021,2396.7459,2429.6855,2396.4935,2424.8401
1/25/2021,2447.0183,2457.7534,2408.879,2440.8799
1/26/2021,2461.4294,2463.5812,2419.4916,2423.0947
1/27/2021,2433.7467,2449.7516,2416.2587,2441.851
1/28/2021,2460.8345,2461.5165,2420.5989,2425.2975
1/31/2021,2425.5323,2426.9133,2366.2008,2370.5486
2/1/2021,2372.0453,2413.7614,2371.6035,2408.2437
2/2/2021,2434.4833,2474.0059,2429.3847,2473.7372
2/3/2021,2490.5372,2520.3717,2457.3314,2466.9224
2/4/2021,2479.6081,2482.1432,2443.0425,2475.266
2/7/2021,2486.7924,2524.254,2486.7924,2524.0049
2/8/2021,2553.7868,2564.4663,2538.4107,2561.4799
2/9/2021,2562.4319,2588.3991,2523.8999,2534.3681
2/10/2021,2544.8098,2548.7084,2509.8929,2543.0313
2/11/2021,2552.3395,2565.4661,2523.9742,2526.9216
2/14/2021,2536.4708,2538.5448,2481.3365,2493.594
2/15/2021,2517.4554,2586.0155,2517.4554,2586.0101
2/16/2021,2615.3601,2631.7555,2583.5862,2601.5147
2/17/2021,2619.8066,2624.437,2594.3723,2611.4506
2/18/2021,2634.4747,2643.106,2618.8485,2636.6806
2/21/2021,2667.2734,2673.8296,2619.3831,2640.3453
2/22/2021,2665.8631,2676.1554,2603.0456,2607.6704
2/23/2021,2627.337,2632.7397,2519.2026,2586.5138
2/24/2021,2600.3275,2624.7855,2497.7304,2599.0784
2/25/2021,2622.7062,2623.157,2546.7241,2554.137
2/28/2021,2557.7932,2561.8948,2473.1626,2474.3933
3/1/2021,2488.3341,2524.6198,2441.7139,2515.0311
3/2/2021,2523.4599,2531.1487,2436.3436,2455.242
3/3/2021,2449.2256,2453.6658,2391.1448,2416.0086
3/4/2021,2425.1982,2507.0875,2422.4975,2506.6813
3/7/2021,2519.9698,2527.094,2473.0845,2485.0999
3/9/2021,2494.053,2494.4149,2453.3833,2461.8828
3/10/2021,2476.9305,2479.6275,2446.0884,2458.485
3/14/2021,2466.2693,2469.431,2397.3019,2407.2574
3/15/2021,2418.5103,2432.9503,2379.7803,2389.1902
3/16/2021,2400.049,2417.4716,2369.5156,2391.747
3/17/2021,2399.2128,2432.4024,2390.0484,2432.1455
3/18/2021,2448.7235,2476.6092,2441.1747,2475.0921
3/21/2021,2494.4811,2538.4676,2492.2723,2538.4676
3/22/2021,2562.3721,2568.3622,2509.2104,2514.39
3/23/2021,2524.4326,2531.4602,2495.9694,2528.9566
3/24/2021,2549.5457,2570.6669,2546.0524,2570.2561
3/25/2021,2584.7929,2595.8784,2543.5577,2548.9676
3/29/2021,2558.2339,2562.6042,2537.6714,2543.5216
3/30/2021,2545.54,2576.3346,2544.9562,2575.6692
3/31/2021,2596.6619,2619.1465,2592.7967,2619.0223
4/1/2021,2645.4974,2645.4974,2615.2597,2631.8985
4/4/2021,2658.3077,2658.7297,2646.0513,2657.6126
4/5/2021,2679.3866,2682.2706,2639.674,2658.7451
4/6/2021,2678.9597,2678.9597,2641.8039,2674.4692
4/7/2021,2694.5434,2694.9777,2667.9089,2671.6159
4/8/2021,2690.28,2690.28,2672.2444,2674.3579
4/12/2021,2690.28,2694.3759,2671.7354,2691.558
4/13/2021,2698.0747,2715.5302,2688.1843,2714.7911
4/15/2021,2735.4012,2755.2955,2731.8221,2735.3964
4/18/2021,2759.9015,2760.02,2696.296,2699.5108
4/19/2021,2716.2381,2716.8657,2656.5845,2661.9352
4/20/2021,2673.2412,2684.7691,2645.5634,2664.6166
4/21/2021,2674.8236,2675.4113,2624.7041,2632.2079
4/22/2021,2647.1131,2651.5328,2609.0155,2648.0077
4/25/2021,2664.6961,2665.56,2563.7815,2572.1992
4/26/2021,2571.4971,2579.4141,2500.739,2506.6194
4/27/2021,2506.5203,2599.3693,2504.2275,2599.0757
4/28/2021,2606.5579,2622.6578,2563.942,2585.282
4/29/2021,2601.2125,2612.2854,2582.3465,2611.1134
5/2/2021,2627.8195,2665.1084,2610.8147,2665.1084
5/3/2021,2676.4594,2694.0025,2645.6083,2652.7501
5/4/2021,2652.2741,2663.6373,2640.4435,2654.6936
5/5/2021,2675.9539,2676.5671,2648.5155,2649.6
5/6/2021,2657.2009,2659.0895,2626.0791,2637.1291
5/9/2021,2652.5809,2652.5985,2613.324,2618.4374
5/10/2021,2613.1783,2647.0694,2607.7808,2645.8478
5/11/2021,2647.4804,2680.9056,2645.7662,2673.3192
5/12/2021,2685.4092,2688.7513,2664.0396,2673.8835
5/13/2021,2701.9172,2702.7362,2679.0281,2684.0878
5/16/2021,2693.9075,2738.5861,2693.9074,2738.502
5/17/2021,2748.8316,2771.2197,2747.8165,2759.2152
5/18/2021,2784.6002,2794.9561,2766.7099,2793.8988
5/19/2021,2816.2626,2822.2339,2769.2035,2780.8116
5/20/2021,2807.5267,2807.5267,2775.8887,2787.186
5/23/2021,2768.868,2820.5967,2737.4265,2820.0004
5/24/2021,2840.2142,2850.7276,2807.3292,2823.0664
5/25/2021,2828.068,2836.236,2803.7162,2816.5973
5/27/2021,2784.5887,2836.062,2760.8638,2815.3982
5/30/2021,2836.114,2854.8022,2814.7238,2827.9345
5/31/2021,2842.2821,2851.1777,2781.0025,2782.8313
6/1/2021,2790.7165,2800.2226,2751.1062,2771.364
6/2/2021,2793.2162,2827.2915,2770.8329,2827.1278
6/3/2021,2833.8408,2876.1054,2833.6283,2856.7666
6/6/2021,2884.0684,2920.2145,2880.4694,2906.9104
6/7/2021,2928.0907,2933.541,2892.234,2906.7011
6/8/2021,2931.1776,2960.2857,2925.4887,2960.1431
6/9/2021,2995.0849,3005.9027,2933.6185,2946.5804
6/10/2021,2968.0932,2971.8879,2925.7358,2944.7821
6/13/2021,2965.7653,2984.2399,2957.1328,2983.106
6/14/2021,3009.458,3051.0236,3009.1457,3025.8255
6/15/2021,3061.8092,3064.0711,3012.9525,3022.1051
6/16/2021,2989.5461,3031.7304,2943.2977,2969.7182
6/17/2021,2982.9712,2990.0139,2944.8948,2968.4313
6/20/2021,2975.2539,2980.2654,2880.5668,2905.4614
6/21/2021,2924.0722,2924.4785,2828.6221,2834.4058
6/22/2021,2844.7012,2914.4299,2824.0364,2913.8379
6/23/2021,2939.0491,2940.029,2856.8412,2859.9618
6/24/2021,2871.6592,2873.764,2833.0635,2843.0041
6/27/2021,2856.0515,2883.0175,2834.4206,2870.3846
6/28/2021,2898.4234,2901.9857,2861.5531,2875.4969
6/29/2021,2880.3375,2890.1628,2823.2098,2828.0092
6/30/2021,2835.6699,2844.1912,2782.0088,2823.8799
7/1/2021,2833.5571,2867.2519,2831.1066,2843.0006
7/4/2021,2852.2366,2857.8312,2831.9473,2834.5162
7/5/2021,2845.5051,2847.4319,2814.3337,2823.3512
7/6/2021,2829.9796,2835.306,2812.9586,2818.108
7/7/2021,2815.4922,2826.4127,2793.9031,2801.1337
7/8/2021,2815.288,2832.7284,2793.2338,2825.1064
7/11/2021,2845.4343,2900.1792,2845.1481,2899.821
7/12/2021,2915.5808,2930.406,2842.3042,2854.6975
7/13/2021,2867.1598,2884.7525,2846.7806,2871.0415
7/14/2021,2882.0678,2883.253,2857.6296,2872.0514
7/15/2021,2885.4013,2890.3364,2876.8496,2883.4051
7/18/2021,2892.4733,2980.6145,2892.3073,2980.6145
7/19/2021,3003.4718,3032.8374,2981.9189,2994.5818
7/20/2021,3005.4326,3005.7258,2974.6637,2985.5735
7/22/2021,2990.9042,3018.7597,2987.286,3004.3332
7/25/2021,3017.5621,3058.8494,3017.5068,3058.6651
7/26/2021,3072.9254,3076.1283,3041.8086,3050.4279
7/27/2021,3030.5073,3086.526,2999.2017,3079.6494
7/28/2021,3088.4513,3113.5913,3075.927,3094.9486
7/29/2021,3103.5317,3107.9071,3076.3901,3079.8081
8/1/2021,3088.4461,3099.1311,3075.5414,3081.0162
8/2/2021,3087.9122,3101.2995,3079.0442,3085.0739
8/3/2021,3094.236,3111.1573,3091.9173,3111.0929
8/4/2021,3126.9863,3140.3782,3120.7759,3123.4486
8/5/2021,3130.5406,3138.6068,3101.7937,3107.4678
8/8/2021,3117.027,3121.4292,3099.0695,3108.1279
8/9/2021,3113.9539,3122.5573,3098.5971,3109.5899
8/10/2021,3120.2999,3164.6124,3114.0638,3161.6517
8/11/2021,3172.5383,3198.2649,3158.1684,3162.5956
8/12/2021,3172.7459,3189.6574,3166.683,3178.9102
8/15/2021,3170.6536,3187.4775,3104.8649,3154.3354
8/16/2021,3165.0915,3171.1982,3136.4708,3160.085
8/17/2021,3165.6857,3177.1375,3154.7577,3160.3184
8/18/2021,3172.2951,3220.8611,3153.4217,3199.0262
8/19/2021,3208.5308,3227.1055,3178.2475,3180.8962
8/24/2021,3186.4678,3188.5713,3121.679,3124.87
8/25/2021,3126.0157,3126.0157,3068.0375,3076.4496
8/26/2021,3085.0424,3108.0648,3069.7239,3094.0515
8/29/2021,3105.745,3116.8234,3038.78,3044.8955
8/31/2021,3047.2617,3047.5864,2969.7453,2975.842
9/1/2021,2977.2891,3019.6904,2960.9973,2977.0209
9/2/2021,2976.1795,2994.3545,2915.9796,2926.9909
9/5/2021,2928.8034,2929.3237,2779.0332,2818.8467
9/6/2021,2816.9251,2981.2666,2804.5251,2980.787
9/7/2021,2999.6177,3004.2349,2912.988,2936.6083
9/8/2021,2940.9098,2940.9098,2873.6392,2876.5926
9/9/2021,2880.5498,2912.3801,2865.9582,2875.996
9/12/2021,2887.5038,2947.4969,2887.4695,2947.4224
9/13/2021,2962.8142,2984.3141,2939.7876,2947.8326
9/14/2021,2950.3669,2964.5425,2915.6184,2929.2891
9/15/2021,2933.2319,2936.8948,2881.5317,2889.0406
9/16/2021,2889.2099,2889.2099,2795.236,2812.2643
9/20/2021,2817.9805,2821.1283,2696.813,2698.2459
9/21/2021,2693.4212,2766.4536,2613.8666,2712.0728
9/22/2021,2719.9118,2819.0313,2719.8892,2816.9543
9/23/2021,2833.5213,2883.1341,2804.1592,2819.7454
9/26/2021,2836.3634,2846.2946,2756.3294,2758.4677
9/27/2021,2762.6046,2769.7877,2678.1437,2685.4155
9/28/2021,2683.6027,2695.3502,2602.1915,2615.3621
9/29/2021,2616.7836,2666.1897,2578.7568,2665.9386
9/30/2021,2667.4504,2687.5931,2629.9533,2633.4221
10/3/2021,2637.3592,2640.8376,2572.9638,2577.4958
10/4/2021,2577.361,2596.6738,2542.0877,2570.8116
10/5/2021,2569.7867,2620.3159,2569.7809,2612.6355
10/6/2021,2614.7415,2681.3928,2614.5166,2681.1083
10/10/2021,2687.1898,2720.3612,2654.3506,2662.5619
10/11/2021,2667.591,2670.3394,2616.3999,2639.375
10/17/2021,2644.4193,2666.5632,2625.0483,2656.9664
10/18/2021,2656.0357,2656.0357,2582.2644,2588.0654
10/19/2021,2588.2432,2588.3721,2481.85,2511.1018
10/20/2021,2522.2028,2590.8852,2522.002,2571.6602
10/21/2021,2573.0483,2585.7851,2542.6547,2557.0129
10/24/2021,2557.0021,2587.8501,2545.4965,2584.6175
10/25/2021,2588.7532,2672.2515,2588.2381,2672.2515
10/26/2021,2678.8579,2751.4059,2678.0137,2751.0737
10/27/2021,2753.3967,2806.7118,2716.988,2769.131
10/28/2021,2768.8805,2783.7731,2746.2268,2782.1159
10/31/2021,2785.9461,2838.0922,2775.5372,2837.6152
11/1/2021,2852.3186,2866.4402,2804.3132,2819.8669
11/2/2021,2824.826,2845.888,2789.195,2843.622
11/3/2021,2858.7432,2878.2037,2837.5854,2848.8447
11/8/2021,2854.3769,2863.8013,2821.6447,2829.6463
11/9/2021,2831.003,2833.0533,2730.2072,2749.8597
11/11/2021,2750.0289,2750.2799,2687.6834,2690.2909
11/14/2021,2694.0504,2704.4687,2667.3439,2688.9152
11/15/2021,2688.0637,2728.9126,2685.6698,2715.3523
11/16/2021,2720.5901,2784.6334,2715.996,2784.577
11/17/2021,2795.1871,2825.9788,2795.1871,2801.5247
11/18/2021,2806.1334,2810.6448,2760.1993,2769.1341
11/21/2021,2771.759,2780.036,2749.8273,2757.5346
11/22/2021,2758.9899,2778.284,2758.6375,2765.4353
11/23/2021,2765.6795,2765.6795,2719.9852,2733.1221
11/24/2021,2737.0944,2743.2156,2694.061,2735.008
11/25/2021,2736.846,2746.5519,2720.8379,2731.7848
11/28/2021,2731.7848,2733.3547,2644.5993,2651.4937
11/29/2021,2650.5357,2677.8709,2621.7997,2630.0134
11/30/2021,2630.3156,2648.0426,2603.8995,2628.3747
12/1/2021,2628.6857,2649.9914,2628.4824,2633.6576
12/2/2021,2633.637,2645.5694,2580.5985,2586.1911
12/5/2021,2586.8271,2587.5746,2504.6878,2513.8714
12/6/2021,2508.9628,2549.5007,2438.8553,2546.0893
12/7/2021,2549.3616,2590.7594,2505.8554,2508.9082
12/8/2021,2508.2858,2511.6855,2448.7826,2455.817
12/9/2021,2454.4163,2465.0801,2428.3385,2449.9732
12/12/2021,2448.6587,2455.7243,2359.9526,2361.2425
12/13/2021,2351.9306,2351.9306,2259.5188,2281.671
12/14/2021,2283.6726,2418.8491,2283.6726,2418.8491
12/15/2021,2433.2004,2493.078,2379.0973,2414.6227
12/16/2021,2415.7742,2418.8741,2371.7377,2376.7486
12/20/2021,2390.8088,2390.8087,2346.6041,2358.8193
12/21/2021,2360.3285,2415.5587,2360.3285,2415.5521
12/22/2021,2425.0504,2509.2743,2424.3848,2507.7081
12/23/2021,2522.512,2542.2916,2485.3874,2520.2345
12/26/2021,2531.4274,2596.4265,2531.1546,2591.4297
12/27/2021,2600.2116,2616.2769,2518.1607,2521.6579
12/28/2021,2523.865,2533.6336,2486.0519,2518.9964
12/29/2021,2520.5504,2538.7824,2512.4185,2524.505
1/2/2022,2538.2514,2585.0137,2528.752,2584.9119
1/3/2022,2595.2225,2634.8673,2593.9238,2616.942
1/4/2022,2619.2226,2679.9543,2593.9099,2679.9543
1/5/2022,2687.7527,2700.297,2640.974,2649.1826
1/6/2022,2647.7574,2692.7687,2633.3166,2692.4716
1/9/2022,2699.875,2770.5548,2699.875,2765.5184
1/10/2022,2772.093,2806.7442,2755.7925,2784.9503
1/11/2022,2792.6383,2848.2689,2771.152,2834.1353
1/12/2022,2839.8744,2874.8982,2796.6115,2803.6284
1/13/2022,2808.7969,2858.2061,2802.4906,2857.7507
1/16/2022,2873.4154,2940.1291,2873.4154,2926.7495
1/17/2022,2944.9228,2956.1071,2907.1929,2947.4379
1/18/2022,2953.1071,2981.9188,2915.5648,2936.6621
1/19/2022,2945.6254,2952.5731,2889.1859,2898.3138
1/20/2022,2901.5139,2936.5805,2884.0006,2931.3419
1/23/2022,2942.9735,2962.4403,2906.1992,2920.5169
1/24/2022,2926.119,2926.2184,2803.7202,2820.6572
1/25/2022,2827.7543,2857.9197,2781.0139,2815.067
1/26/2022,2817.1685,2819.7421,2760.8843,2776.6511
1/27/2022,2778.8886,2804.0717,2776.7435,2779.9841
1/30/2022,2805.013,2885.6292,2805.013,2885.5332
1/31/2022,2895.772,2909.1314,2860.7014,2872.0509
2/1/2022,2875.7354,2897.1896,2855.9578,2891.3396
2/3/2022,2898.6109,2925.0519,2870.6498,2876.7431
2/6/2022,2877.0402,2877.0402,2829.101,2836.1713
2/7/2022,2834.2646,2853.7823,2822.5266,2851.8802
2/8/2022,2877.5764,2921.3568,2825.9684,2835.5819
2/9/2022,2837.3296,2837.3543,2799.9689,2813.5259
2/10/2022,2813.3345,2825.3463,2790.9035,2801.567
2/13/2022,2783.889,2784.1945,2696.6518,2700.8989
2/14/2022,2697.3744,2729.2685,2694.3122,2700.9829
2/15/2022,2703.3451,2754.5052,2703.2765,2754.2859
2/16/2022,2759.367,2772.1175,2725.1663,2734.4499
2/17/2022,2735.3272,2745.3789,2723.1731,2732.5118
2/20/2022,2713.5193,2715.8262,2669.3276,2693.1099
2/21/2022,2695.2593,2719.072,2693.8382,2718.5181
2/22/2022,2719.8866,2750.3087,2719.8866,2735.9339
2/23/2022,2732.4768,2747.5644,2715.9119,2720.4351
2/24/2022,2715.4407,2715.8296,2654.3773,2661.4419
2/27/2022,2660.3896,2680.3917,2638.013,2653.7086
2/28/2022,2662.2606,2683.7528,2606.6211,2610.5873
3/2/2022,2612.5056,2612.5056,2542.1071,2547.0496
3/6/2022,2542.5671,2568.6205,2527.9723,2543.3924
3/7/2022,2542.6595,2566.6381,2538.2881,2544.9472
3/9/2022,2542.4169,2557.558,2504.3745,2514.5882
3/10/2022,2512.0428,2566.9004,2498.4585,2566.9004
3/13/2022,2575.265,2667.9744,2575.2168,2667.9744
3/14/2022,2677.9664,2683.411,2650.2362,2668.1194
3/15/2022,2673.5518,2677.3617,2637.1598,2650.9713
3/16/2022,2653.5711,2661.2871,2625.9618,2631.2518
3/20/2022,2634.1051,2644.4659,2607.7479,2616.5851
3/21/2022,2620.1303,2634.6617,2600.9255,2634.6598
3/22/2022,2634.4157,2658.0581,2634.4157,2650.7014
3/23/2022,2651.4094,2654.4884,2622.6966,2630.364
3/24/2022,2630.9301,2639.0115,2611.1801,2613.6728
3/27/2022,2623.2013,2642.3283,2567.7577,2572.2676
3/28/2022,2574.1229,2580.3328,2537.8773,2541.8364
3/29/2022,2542.6492,2562.4036,2519.8991,2527.5808
3/30/2022,2527.7709,2568.2564,2515.8022,2568.2564
3/31/2022,2568.7564,2584.5436,2538.1343,2544.3094
4/3/2022,2544.4774,2547.0483,2509.7614,2513.4154
4/4/2022,2517.4146,2525.5425,2495.8484,2498.5321
4/5/2022,2507.7672,2507.7671,2434.2715,2452.0688
4/6/2022,2451.8051,2458.3533,2416.3805,2428.6632
4/7/2022,2427.968,2476.3709,2427.712,2464.3577
4/11/2022,2471.8115,2510.1331,2415.9058,2419.801
4/12/2022,2424.7078,2428.8023,2379.4809,2385.0103
4/13/2022,2385.2396,2415.3575,2366.9427,2415.2459
4/17/2022,2422.3436,2437.6799,2379.5369,2385.6477
4/18/2022,2386.6623,2387.5118,2341.9287,2343.8741
4/19/2022,2347.2061,2372.3202,2314.4234,2357.247
4/20/2022,2364.4694,2367.2569,2316.6968,2320.5175
4/21/2022,2327.0812,2333.9387,2286.6016,2325.4525
4/24/2022,2331.5145,2430.2827,2331.5145,2420.9681
4/25/2022,2423.743,2444.5502,2381.9304,2386.0178
4/26/2022,2386.0391,2402.2387,2358.7629,2370.9979
4/27/2022,2373.1037,2376.6305,2348.5753,2376.1702
4/28/2022,2380.1629,2390.2797,2351.4838,2356.1745
5/2/2022,2358.2365,2359.4026,2303.2652,2307.4462
5/4/2022,2310.5106,2312.0741,2269.7372,2275.6867
5/5/2022,2275.4268,2275.4268,2225.792,2238.6281
5/8/2022,2238.8056,2256.6484,2204.373,2256.5765
5/9/2022,2263.0602,2289.8446,2255.4527,2268.8478
5/10/2022,2269.3558,2314.6364,2268.7613,2313.004
5/11/2022,2313.2824,2369.1758,2313.2824,2369.0678
5/12/2022,2373.3796,2389.0709,2343.3326,2350.4268
5/17/2022,2350.4268,2350.4268,2263.3051,2265.5231
5/18/2022,2262.9942,2281.9636,2237.9803,2274.4273
5/19/2022,2274.799,2282.8808,2247.6036,2250.9161
5/20/2022,2251.4921,2258.511,2231.3388,2235.0958
5/23/2022,2241.2609,2249.6273,2191.0351,2200.8837
5/24/2022,2203.1395,2227.8712,2190.5286,2217.1995
5/25/2022,2222.492,2243.5718,2222.0128,2231.5721
5/26/2022,2240.6076,2245.4269,2222.8946,2239.6001
5/27/2022,2242.4614,2250.6952,2214.6489,2223.7826
5/30/2022,2227.4344,2233.5413,2173.4496,2173.4496
5/31/2022,2172.0166,2172.0166,2126.3955,2137.9245
6/1/2022,2138.0627,2154.587,2119.4189,2130.7314
6/2/2022,2130.3474,2142.656,2107.7761,2112.4735
6/3/2022,2113.1345,2117.4033,2071.9379,2078.7092
6/6/2022,2079.5979,2093.9527,2054.1311,2065.8239
6/7/2022,2065.1922,2065.1922,2016.7831,2020.2339
6/8/2022,2019.5377,2096.1825,2017.2521,2080.449
6/9/2022,2082.448,2115.608,2058.2886,2062.8068
6/10/2022,2067.7604,2070.0178,2036.5585,2048.1645
6/13/2022,2049.3075,2052.4762,2027.0512,2032.3401
6/14/2022,2032.5257,2034.8103,1990.328,1996.2599
6/15/2022,1999.0465,1999.0854,1945.4216,1966.3727
6/16/2022,1966.8928,1993.9552,1950.7687,1978.9434
6/17/2022,1981.2141,1991.5897,1966.8525,1971.3872
6/19/2022,1971.8376,1974.2292,1928.1912,1934.1191
6/20/2022,1934.0306,1934.6481,1879.6927,1884.8125
6/21/2022,1884.2477,1931.9129,1877.8021,1924.7403
6/22/2022,1925.4645,1926.9941,1889.7065,1893.5341
6/23/2022,1889.4009,1889.404,1835.8871,1848.282
6/24/2022,1848.3754,1879.4556,1806.9517,1862.0639
6/26/2022,1863.4693,1957.0994,1863.4367,1956.9872
6/27/2022,1967.3041,1987.5933,1931.1742,1933.1336
6/28/2022,1935.5361,1936.0199,1908.7415,1921.3181
6/29/2022,1924.914,1963.7799,1915.1995,1962.7115
6/30/2022,1966.8572,2037.6425,1966.8572,2037.6425
7/1/2022,2041.9412,2053.9877,2015.5661,2028.7748
7/3/2022,2028.7917,2086.4239,2020.9648,2086.4239
7/4/2022,2095.622,2148.6178,2059.0001,2076.6707
7/5/2022,2078.6259,2091.8886,2025.5708,2030.5927
7/6/2022,2036.46,2047.3748,1994.5489,2043.9225
7/7/2022,2051.4971,2080.9639,2023.0171,2027.323
7/8/2022,2031.8747,2033.4099,1988.4329,1992.6223
7/11/2022,1993.3311,1993.5543,1912.4931,1915.6108
7/12/2022,1916.411,1947.5441,1908.5925,1927.2894
7/13/2022,1928.5013,1986.8258,1928.5013,1986.8258
7/14/2022,1987.3225,2012.1689,1977.1434,2001.5354
7/15/2022,2002.9556,2009.8958,1989.1904,2009.4672
7/17/2022,2010.923,2018.973,1994.751,2011.3998
7/18/2022,2011.7111,2029.4685,2000.1457,2029.4345
7/19/2022,2029.7131,2062.3613,2028.1768,2045.6997
7/20/2022,2046.2076,2061.5659,2033.2832,2050.5946
7/21/2022,2052.9505,2066.0724,2038.3362,2044.727
7/22/2022,2046.6248,2047.2974,2013.4677,2017.4645
7/24/2022,2027.8038,2078.5139,2027.6663,2078.5139
7/25/2022,2081.9802,2134.6248,2081.6592,2132.9625
7/26/2022,2134.1365,2141.6173,2085.8349,2088.1622
7/27/2022,2089.0129,2112.1163,2065.9686,2111.9903
7/28/2022,2113.3518,2156.3903,2105.7016,2127.4753
7/29/2022,2130.3156,2147.638,2117.3114,2140.5259
7/31/2022,2142.3097,2195.3572,2142.3096,2195.1046
8/1/2022,2205.7669,2224.4868,2183.2231,2196.2529
8/2/2022,2198.0567,2202.8861,2170.2575,2193.4898
8/3/2022,2196.131,2214.0527,2183.0904,2186.766
8/4/2022,2191.4886,2193.356,2147.7061,2148.1601
8/5/2022,2150.4739,2150.581,2108.3456,2113.5536
8/7/2022,2109.4129,2133.6278,2107.4921,2123.8278
8/8/2022,2128.1862,2140.2647,2102.2598,2106.1527
8/9/2022,2109.7875,2112.717,2060.311,2062.8038
8/10/2022,2064.3877,2074.9255,2042.6219,2056.8897
8/11/2022,2059.8309,2074.7383,2036.8093,2037.9299
8/14/2022,2035.3212,2043.0398,2007.6893,2010.013
8/15/2022,2007.1945,2065.9015,2004.0704,2065.8933
8/16/2022,2069.3759,2088.2365,2035.4799,2041.0645
8/17/2022,2043.6197,2053.092,2035.3867,2040.7059
8/18/2022,2041.713,2072.378,2041.713,2068.2695
8/21/2022,2070.0577,2089.2572,2055.7809,2060.5508
8/22/2022,2061.0294,2065.8123,2043.7285,2053.1367
8/23/2022,2053.3542,2060.2124,2048.8021,2054.9861
8/24/2022,2054.9923,2073.5441,2052.1305,2057.8438
8/25/2022,2058.0116,2068.5582,2035.6936,2039.558
8/26/2022,2040.4661,2040.4661,2018.1853,2022.6299
8/28/2022,2022.3165,2022.76,1987.0427,1989.265
8/29/2022,1989.3692,1995.7806,1975.0738,1993.0243
8/30/2022,1993.4654,2012.1831,1987.3984,1995.3495
8/31/2022,1993.379,1996.8911,1968.4116,1973.3809
9/1/2022,1972.9792,1982.3476,1953.5816,1972.2978
9/2/2022,1970.775,1984.8881,1964.8018,1970.624
9/4/2022,1971.856,1988.3842,1969.489,1977.3023
9/5/2022,1978.3036,1987.5718,1970.6897,1973.0122
9/6/2022,1974.1349,1978.0064,1947.2165,1951.8492
9/7/2022,1951.2112,1955.9787,1933.2978,1939.8803
9/8/2022,1940.1931,1947.9192,1925.227,1937.7499
9/11/2022,1938.202,1946.422,1922.0068,1926.2881
9/12/2022,1926.4519,1928.7176,1906.756,1912.7468
9/13/2022,1913.4068,1940.8596,1913.2026,1934.0475
9/14/2022,1936.3699,1984.1253,1936.3435,1981.4854
9/15/2022,1983.2601,1989.8469,1920.3852,1924.4837
9/16/2022,1921.0509,1921.0509,1886.7231,1910.3826
9/18/2022,1910.2033,1911.5704,1874.1487,1876.4145
9/20/2022,1875.412,1877.6545,1833.5523,1837.6063
9/21/2022,1838.4,1862.4832,1838.1421,1848.8004
9/22/2022,1848.7927,1856.0263,1836.1774,1838.9697
9/25/2022,1837.997,1838.6794,1811.3237,1815.1384
9/27/2022,1814.7144,1842.0585,1814.6807,1831.056
9/28/2022,1831.2353,1845.6914,1831.2353,1837.4677
9/29/2022,1836.843,1853.8062,1835.9577,1853.7611
10/9/2022,1854.5708,1898.4548,1854.5278,1898.3835
10/10/2022,1901.2474,1908.5867,1866.839,1871.2264
10/11/2022,1871.2847,1871.2847,1849.8099,1855.1658
10/12/2022,1854.5708,1872.8668,1848.1338,1866.4854
10/13/2022,1866.5364,1878.1684,1860.8514,1870.635
10/16/2022,1871.0926,1872.5277,1852.7418,1860.941
10/17/2022,1861.5516,1864.7493,1854.2418,1858.33
10/19/2022,1858.0288,1861.9395,1840.5098,1845.5198
10/20/2022,1845.3843,1849.8681,1834.3164,1844.1426
10/23/2022,1844.5031,1858.571,1843.8095,1858.4914
10/31/2022,1860.385,1874.8877,1856.9338,1874.8789
11/1/2022,1876.552,1931.5455,1871.77,1930.9781
11/2/2022,1933.2406,1956.6104,1916.3229,1938.303
11/3/2022,1939.4961,1940.6194,1918.8434,1922.165
11/6/2022,1924.195,1965.7071,1919.2438,1965.3682
11/7/2022,1968.069,1987.3221,1955.283,1958.9409
11/8/2022,1959.2187,1966.4154,1948.3592,1956.3695
11/9/2022,1957.7559,1967.8004,1914.2736,1917.223
11/10/2022,1919.1018,1929.0155,1889.6471,1893.7055
11/13/2022,1892.9432,1901.3198,1879.5871,1883.1668
11/14/2022,1883.5787,1904.5084,1879.3693,1904.4519
11/15/2022,1905.214,1919.8097,1895.899,1897.8634
11/16/2022,1898.7003,1914.3802,1898.7003,1911.2632
11/17/2022,1912.2378,1939.5919,1912.0401,1936.8379
11/22/2022,1938.4686,1961.2784,1926.385,1929.7076
11/23/2022,1931.0068,1933.9308,1913.0945,1921.9919
11/24/2022,1922.723,1933.5536,1916.3513,1933.5536
11/27/2022,1934.4456,1965.9805,1934.4136,1965.9805
11/28/2022,1968.9348,1980.2641,1947.3746,1950.3742
11/29/2022,1951.307,1957.8753,1933.6431,1953.3592
11/30/2022,1953.0723,1955.6008,1942.9485,1949.8505
12/1/2022,1949.4806,1969.0191,1941.5782,1961.0656
12/4/2022,1961.0734,1973.5535,1957.1823,1963.2225
12/5/2022,1964.7917,1965.7686,1935.6472,1938.7627
12/6/2022,1941.0757,1944.1085,1922.1263,1933.8881
12/7/2022,1935.0783,1936.3948,1916.1935,1917.2814
12/11/2022,1916.0415,1918.5061,1883.0933,1885.3123
12/12/2022,1884.2188,1902.4171,1868.6513,1902.2744
12/13/2022,1900.2333,1904.7527,1888.8182,1899.7087
12/14/2022,1900.6056,1906.0381,1893.0131,1897.0885
12/15/2022,1897.3421,1898.9982,1880.1627,1882.6092
12/18/2022,1883.6536,1883.8162,1850.9632,1855.0663
12/19/2022,1855.1908,1865.1792,1849.1935,1858.8956
12/20/2022,1859.7158,1881.2142,1858.5702,1873.1156
12/21/2022,1874.8453,1883.0902,1864.7044,1867.2256
12/22/2022,1864.408,1867.2137,1850.58,1867.2137
12/26/2022,1868.1826,1924.0901,1866.3653,1924.0901
12/27/2022,1928.8118,1999.0108,1928.8118,1983.9599
12/28/2022,1991.8052,1994.3301,1961.5673,1972.1536
12/29/2022,1973.18,2029.1112,1962.4237,2029.0322
1/1/2023,2037.2071,2083.1904,2030.2454,2046.2692
1/2/2023,2047.4601,2070.5823,2028.3238,2064.0961
1/3/2023,2066.0155,2081.5268,2050.5733,2061.067
1/4/2023,2069.3428,2126.0378,2066.5668,2125.845
1/5/2023,2134.8791,2160.728,2113.3217,2143.9377
1/8/2023,2148.9348,2191.6905,2126.4688,2164.6195
1/9/2023,2171.463,2211.7718,2161.0258,2211.7667
1/10/2023,2215.3453,2277.6134,2178.1871,2190.4267
1/12/2023,2203.8449,2237.3651,2143.9747,2149.39
1/17/2023,2152.0489,2187.7907,2136.3819,2182.1144
1/18/2023,2185.7267,2214.779,2166.3541,2173.1043
1/19/2023,2175.2974,2192.7094,2163.1416,2178.8125
1/23/2023,2184.7726,2203.1257,2162.8327,2165.1012
1/24/2023,2166.05,2173.2896,2139.8884,2173.2507
1/25/2023,2175.6706,2199.9291,2175.1264,2183.6248
1/26/2023,2186.5028,2201.6419,2177.9906,2183.2129
1/29/2023,2185.4591,2192.8511,2163.891,2168.537
1/30/2023,2166.3114,2174.6567,2124.8272,2127.3799
1/31/2023,2130.294,2136.4422,2107.7737,2111.6842
2/1/2023,2111.4379,2124.3013,2104.4767,2116.6591
2/2/2023,2118.5592,2126.1444,2090.1432,2094.5405
2/5/2023,2096.6969,2118.2676,2087.6938,2096.0854
2/6/2023,2096.3216,2102.7013,2087.1977,2100.7075
2/7/2023,2100.1248,2177.7478,2099.0308,2177.3481
2/8/2023,2181.6187,2213.8948,2161.0022,2170.1885
2/9/2023,2171.1748,2183.7548,2153.3084,2182.6366
2/12/2023,2181.2006,2181.2006,2117.6679,2121.8674
2/14/2023,2122.4134,2122.5622,2100.5684,2105.4655
2/15/2023,2105.033,2117.8401,2086.7782,2091.5646
2/16/2023,2090.4895,2099.4333,2066.7841,2070.4139
2/20/2023,2069.6654,2069.7782,2040.1812,2046.8102
2/22/2023,2049.6467,2084.039,2048.109,2080.3847
2/23/2023,2078.4795,2078.4795,2014.6008,2022.6434
2/26/2023,2016.5353,2029.6559,1961.2372,2027.1909
2/27/2023,2029.2309,2043.988,1990.2715,2023.5433
2/28/2023,2024.8199,2033.6966,2013.2515,2019.9309
3/1/2023,2020.7155,2024.695,1994.4556,1995.494
3/2/2023,1995.3373,1996.6285,1966.2757,1969.025
3/5/2023,1967.4925,1975.9341,1935.2119,1938.254
3/7/2023,1937.4284,1964.0843,1937.4284,1952.6633
3/9/2023,1955.5698,2002.985,1955.5465,2002.7023
3/12/2023,2008.2615,2017.3036,1970.6668,1975.8982
3/13/2023,1975.4309,1977.524,1944.4197,1951.2176
3/14/2023,1950.4147,1965.1914,1939.3211,1953.0645
3/15/2023,1953.9554,1956.3738,1926.5701,1938.629
3/16/2023,1938.6244,1946.7665,1919.9333,1933.3076
3/19/2023,1933.2307,1939.4317,1922.216,1926.4089
3/20/2023,1926.2763,1949.1674,1925.4104,1949.0626
3/22/2023,1952.1873,1962.9436,1929.4938,1933.2995
3/23/2023,1933.1146,1933.5563,1905.9588,1915.1497
3/26/2023,1915.3245,1915.4077,1881.0743,1888.2979
3/27/2023,1885.651,1907.044,1864.9108,1906.0013
3/28/2023,1910.3477,1936.4833,1906.3983,1918.4102
3/29/2023,1920.0904,1922.0396,1901.6153,1919.4274
3/30/2023,1920.0108,1932.6796,1905.1202,1908.556
4/2/2023,1910.4938,1929.3407,1882.9785,1888.5529
4/3/2023,1888.6124,1892.0288,1865.9583,1871.88
4/4/2023,1872.6507,1880.4587,1856.3536,1866.6825
4/5/2023,1866.8297,1878.7729,1857.5395,1875.0724
4/6/2023,1875.8775,1889.066,1863.6606,1866.7917
4/9/2023,1867.4689,1869.43,1833.6784,1838.485
4/10/2023,1837.6522,1851.4869,1833.0795,1844.0295
4/11/2023,1845.6452,1872.1098,1844.412,1871.3369
4/12/2023,1871.4628,1963.8926,1871.4628,1963.5544
4/13/2023,1973.0863,1981.8696,1928.9341,1934.4755
4/16/2023,1934.5054,1945.0495,1918.5153,1931.6829
4/17/2023,1931.8392,1937.6469,1904.3948,1908.0541
4/18/2023,1905.9647,1911.5134,1892.8176,1904.9854
4/19/2023,1903.356,1924.4031,1903.2846,1920.1281
4/20/2023,1918.4868,1928.7594,1902.153,1904.4026
4/23/2023,1904.9422,1906.6599,1881.1493,1885.6092
4/24/2023,1885.7734,1891.8741,1875.1367,1888.3247
4/25/2023,1887.2962,1905.7288,1885.1739,1905.6804
4/26/2023,1907.5442,1913.2842,1888.8899,1892.0043
4/27/2023,1892.943,1895.1696,1880.2472,1889.7557
4/30/2023,1889.4138,1890.3351,1867.7303,1870.6692
5/2/2023,1871.6303,1878.9643,1860.4264,1866.4097
5/3/2023,1866.6846,1868.346,1852.3543,1857.0006
5/4/2023,1856.9691,1875.2574,1846.671,1869.7341
5/7/2023,1870.4095,1872.2155,1848.7978,1850.6159
5/8/2023,1850.7272,1854.2139,1825.6089,1833.6984
5/9/2023,1831.6393,1856.07,1828.9864,1844.3633
5/10/2023,1845.6438,1852.0512,1835.6138,1841.9333
5/11/2023,1840.0541,1843.4407,1831.2036,1838.5986
5/14/2023,1840.8231,1849.5559,1818.0783,1821.646
5/15/2023,1821.806,1826.6539,1807.5284,1818.3138
5/16/2023,1817.8694,1827.7652,1810.0964,1821.6208
5/17/2023,1821.5393,1846.718,1821.0192,1845.0181
5/18/2023,1846.6934,1883.2008,1844.5013,1877.3209
5/21/2023,1878.6844,1903.0575,1874.4004,1883.2083
5/22/2023,1883.4492,1898.9107,1866.0796,1891.3154
5/23/2023,1891.365,1942.6399,1891.365,1942.631
5/24/2023,1943.808,1962.6591,1928.1617,1959.1213
5/28/2023,1960.9545,1977.5716,1938.1206,1941.7745
5/30/2023,1944.0333,1944.0625,1884.9107,1888.6181
5/31/2023,1884.4867,1893.8437,1844.324,1849.7975
6/1/2023,1850.79,1876.9965,1837.2389,1866.3469
6/4/2023,1866.3469,1925.109,1865.7303,1919.3775
6/5/2023,1922.126,1935.8023,1899.5351,1901.9972
6/6/2023,1902.7534,1927.6552,1893.6139,1927.6552
6/7/2023,1929.1638,1950.8077,1928.1322,1932.3381
6/8/2023,1933.3977,1947.4542,1920.6484,1939.6128
6/11/2023,1941.5231,1983.983,1941.2412,1980.0928
6/12/2023,1984.3638,2003.2526,1971.9977,1986.4743
6/13/2023,1989.426,2034.8042,1977.5201,2020.6485
6/14/2023,2020.1545,2067.1023,2015.1854,2037.0662
6/15/2023,2040.5755,2050.0312,2017.7045,2042.0703
6/18/2023,2045.0555,2094.3312,2037.9005,2094.3312
6/19/2023,2097.5343,2107.6047,2075.2144,2091.396
6/20/2023,2093.5587,2117.2968,2057.0301,2064.8337
6/21/2023,2067.2132,2082.9679,2043.8379,2050.7853
6/22/2023,2054.6203,2074.379,2042.2827,2055.5326
6/25/2023,2057.3701,2119.7953,2057.3701,2117.7391
6/26/2023,2124.0069,2154.8584,2120.4186,2129.4252
6/27/2023,2132.6065,2186.6798,2132.4786,2186.3643
6/28/2023,2193.5114,2205.9679,2146.0635,2150.9971
7/2/2023,2154.8003,2160.239,2094.0743,2097.2933
7/3/2023,2096.7203,2113.7441,2069.599,2075.9761
7/4/2023,2079.4238,2104.3824,2067.2217,2088.7041
7/5/2023,2090.3788,2101.585,2046.5496,2049.4436
7/6/2023,2050.2823,2064.5728,2033.4282,2049.3852
7/9/2023,2050.3551,2085.2336,2049.6879,2077.769
7/10/2023,2081.7545,2102.0894,2067.8476,2076.9696
7/11/2023,2078.246,2084.9233,2064.5194,2072.2445
7/12/2023,2072.2445,2099.7103,2072.2444,2097.5563
7/13/2023,2095.7154,2121.8303,2080.4207,2084.9399
7/16/2023,2085.6799,2105.6729,2079.176,2097.0974
7/17/2023,2097.9863,2144.5989,2089.1571,2144.1664
7/18/2023,2147.6872,2171.1254,2146.5216,2154.0741
7/19/2023,2154.0245,2174.6306,2141.8246,2165.2455
7/20/2023,2165.7046,2179.7217,2152.8171,2163.9294
7/23/2023,2166.465,2228.7416,2166.4405,2227.1697
7/24/2023,2227.2054,2244.134,2194.1627,2200.5067
7/25/2023,2202.9911,2206.4639,2162.5592,2164.315
7/26/2023,2168.4599,2186.4967,2152.5404,2156.2017
7/27/2023,2155.4885,2165.9778,2124.3238,2126.4876
7/30/2023,2126.85,2138.6791,2091.5058,2100.3433
7/31/2023,2097.8497,2126.5737,2094.0668,2106.1871
8/1/2023,2106.0623,2124.3211,2070.3344,2077.5896
8/2/2023,2078.5953,2086.8403,2062.0079,2086.8403
8/3/2023,2088.5558,2109.2993,2083.9271,2089.8479
8/6/2023,2095.427,2101.9079,2041.6994,2051.4753
8/7/2023,2051.5696,2069.7347,2030.1961,2048.261
8/8/2023,2047.7163,2055.3198,2013.3767,2019.8549
8/9/2023,2018.7206,2061.0846,2000.2351,2060.9189
8/10/2023,2058.9575,2080.819,2045.9831,2066.0515
8/13/2023,2065.4011,2087.9322,2057.7055,2080.8624
8/14/2023,2079.2473,2094.0422,2073.497,2077.2439
8/15/2023,2077.0341,2078.7616,2041.1276,2045.4421
8/16/2023,2044.0458,2044.0458,2014.0064,2025.124
8/17/2023,2025.9823,2043.0155,2025.4039,2033.1378
8/20/2023,2033.2009,2034.8838,2008.0359,2011.2228
8/21/2023,2012.4593,2019.5153,1991.8144,1998.2897
8/22/2023,1998.1425,2016.1815,1990.292,2015.9859
8/23/2023,2016.7996,2048.2604,2015.8033,2045.4566
8/24/2023,2045.8554,2052.2046,2009.0935,2013.9301
8/27/2023,2014.2071,2016.1182,1989.2284,1993.3834
8/28/2023,1994.0304,2009.7086,1989.3714,1998.4814
8/29/2023,1999.0085,2002.8121,1988.5124,1993.4228
8/30/2023,1994.6321,2001.7244,1985.1076,1990.5998
9/3/2023,1990.8182,1991.1142,1958.8311,1960.7885
9/4/2023,1960.7882,1977.9633,1946.6286,1967.8353
9/5/2023,1966.8035,1974.1141,1954.1938,1961.379
9/7/2023,1960.7224,1960.7852,1929.6677,1932.4525
9/10/2023,1933.2531,1946.7542,1933.0634,1942.6884
9/11/2023,1942.9829,1986.9931,1941.8603,1986.9931
9/12/2023,1987.1696,1998.5447,1962.7104,1967.5714
9/13/2023,1967.2643,2007.4803,1967.2575,2007.0609
9/17/2023,2009.9892,2010.8676,1961.056,1964.9176
9/18/2023,1965.447,1974.9898,1952.8809,1969.1861
9/19/2023,1970.4198,1986.7223,1960.6217,1985.4358
9/21/2023,1988.7053,2040.2845,1988.6782,2029.7839
9/24/2023,2029.4221,2037.0208,2003.837,2010.356
9/25/2023,2012.2109,2015.5642,1999.6253,2004.4598
9/26/2023,2006.6383,2030.5153,2005.4289,2022.9111
9/27/2023,2023.521,2027.1951,1993.4688,2004.3052
10/1/2023,2004.5754,2005.3291,1964.4474,1971.1001
10/2/2023,1970.2771,1982.5193,1954.3562,1976.2956
10/3/2023,1977.8277,1978.2711,1954.1397,1958.7268
10/4/2023,1958.8699,1976.1914,1957.2316,1967.9718
10/5/2023,1967.5752,1970.1561,1954.0218,1956.9234
10/8/2023,1963.803,1964.0246,1917.6933,1921.2493
10/9/2023,1919.9657,1926.7253,1902.8749,1908.6632
10/10/2023,1908.2884,1913.5843,1885.3778,1889.5988
10/11/2023,1890.0447,1905.0522,1884.4085,1894.7653
10/12/2023,1895.2754,1897.6005,1870.1956,1874.6024
10/16/2023,1874.1292,1876.6226,1846.7915,1851.4383
10/17/2023,1851.1771,1884.6757,1851.0349,1864.6213
10/18/2023,1864.2777,1908.4005,1864.2503,1907.8965
10/19/2023,1908.6639,1915.9824,1893.9499,1903.8462
10/29/2023,1903.5883,1903.9155,1867.0931,1875.6573
10/30/2023,1876.4721,1878.83,1856.9057,1878.7037
10/31/2023,1878.2867,1878.9868,1860.4708,1864.4042
11/1/2023,1864.1865,1872.1956,1853.4981,1858.5651
11/2/2023,1858.266,1859.4882,1842.7334,1847.7032
11/5/2023,1846.7529,1846.7758,1817.7638,1826.2362
11/6/2023,1826.6787,1850.5854,1824.5617,1847.541
11/7/2023,1848.0623,1864.8538,1847.1055,1858.7658
11/8/2023,1858.1087,1869.0155,1851.1996,1863.9409
11/9/2023,1864.3958,1866.9317,1847.8501,1852.0869
11/20/2023,1852.2883,1873.3403,1846.5278,1853.482
11/21/2023,1853.174,1853.8719,1821.3817,1829.6527
11/22/2023,1830.1141,1850.5412,1816.4086,1850.3315
11/23/2023,1847.6911,1864.5961,1826.4908,1860.2021
11/26/2023,1859.2442,1908.1981,1852.6731,1907.9534
11/27/2023,1909.9732,1926.5243,1889.7115,1896.7177
11/28/2023,1896.4021,1902.6342,1885.2305,1894.5396
11/29/2023,1894.5396,1907.0737,1871.9395,1876.6015
11/30/2023,1874.2446,1876.4098,1851.3202,1858.5336
12/3/2023,1858.4719,1861.6774,1837.8532,1851.2377
12/4/2023,1848.7077,1859.3272,1843.3791,1847.8162
12/5/2023,1849.0073,1857.3573,1833.0239,1837.7111
12/6/2023,1837.2432,1841.8046,1830.3199,1841.0411
12/7/2023,1840.4162,1861.2205,1834.6491,1852.7792
12/10/2023,1866.0689,1963.9871,1866.0689,1963.9871
12/11/2023,1989.5371,1989.7166,1928.7626,1948.5774
12/12/2023,1952.192,1990.392,1940.1512,1985.4411
12/13/2023,1990.3632,2017.228,1976.0484,1988.0474
12/14/2023,1989.5303,1997.1211,1973.4297,1994.6033
12/17/2023,1986.0579,2022.8286,1951.0208,2022.3536
12/18/2023,2025.733,2070.5915,2025.6813,2060.4977
12/19/2023,2065.0618,2107.3246,2053.2725,2106.4829
12/20/2023,2113.9423,2150.9878,2110.7614,2141.8776
12/21/2023,2148.1616,2154.5102,2102.796,2109.1065
12/24/2023,2113.6864,2132.6368,2082.9312,2088.075
12/27/2023,2089.8877,2109.3503,2055.3562,2070.8421
12/28/2023,2072.0862,2085.3669,2059.4901,2068.9094
1/1/2024,2072.4523,2096.4445,2056.8719,2060.1589
1/2/2024,2060.4695,2061.9249,2024.1494,2030.1028
1/3/2024,2030.9462,2058.3123,2023.767,2058.0057
1/4/2024,2058.5663,2072.087,2046.0591,2049.2899
1/7/2024,2049.9018,2056.4902,2019.7706,2022.9226
1/8/2024,2025.8935,2059.6607,2025.6226,2059.4967
1/9/2024,2063.5554,2098.0422,2063.4206,2080.1241
1/10/2024,2084.5913,2116.4432,2084.4448,2089.6249
1/11/2024,2091.2802,2106.4319,2082.4993,2088.995
1/14/2024,2093.4765,2121.6705,2093.4408,2120.6247
1/16/2024,2125.1957,2178.3747,2125.1155,2175.1717
1/17/2024,2181.8021,2215.5463,2154.0216,2163.0669
1/18/2024,2163.387,2167.4351,2133.1239,2155.8247
1/21/2024,2156.5186,2165.6723,2123.8611,2130.1848
1/22/2024,2128.5603,2134.8117,2090.6448,2098.6932
1/23/2024,2096.9941,2112.1515,2087.2253,2098.2931
1/24/2024,2098.974,2120.4687,2083.4566,2088.0406
1/25/2024,2088.4929,2096.7563,2072.7896,2084.0923
1/28/2024,2084.6393,2098.1412,2075.3719,2094.4665
1/29/2024,2097.4831,2114.7904,2097.2365,2104.7281
1/30/2024,2105.872,2128.114,2105.4639,2119.6113
1/31/2024,2119.1707,2131.2887,2088.4865,2097.9391
2/1/2024,2103.202,2103.2275,2063.6868,2067.0164
2/4/2024,2067.473,2072.9089,2053.4683,2061.7025
2/5/2024,2063.9255,2084.8028,2060.552,2076.276
2/6/2024,2073.8349,2087.2444,2067.5912,2085.7198
2/7/2024,2095.1039,2107.5768,2086.7617,2090.6426
2/8/2024,2094.1754,2097.9739,2082.7252,2096.3262
2/11/2024,2101.275,2109.3222,2083.6034,2085.8238
2/12/2024,2085.8126,2103.9167,2081.8165,2101.1605
2/13/2024,2101.5591,2101.5591,2064.8446,2070.5942
2/14/2024,2071.7102,2081.6245,2064.3465,2076.5076
2/15/2024,2075.6217,2077.1099,2055.7267,2062.0383
2/18/2024,2060.68,2062.3271,2030.2905,2034.8261
2/20/2024,2034.7878,2043.5071,2025.8933,2033.0618
2/21/2024,2034.3855,2044.4485,2020.8847,2026.5997
2/22/2024,2027.5744,2030.4082,2000.5515,2005.8363
2/25/2024,2006.8875,2011.8179,1976.6813,1979.0251
2/26/2024,1980.8963,1997.5236,1973.3015,1992.3091
2/27/2024,1992.6956,2007.8502,1980.4398,2001.6494
2/28/2024,2002.9393,2009.5061,1992.4679,2000.7793
2/29/2024,2001.0225,2007.5707,1970.0492,1972.0928
3/3/2024,1972.6279,1975.3982,1946.426,1960.3068
3/4/2024,1976.1396,2078.1625,1976.1396,2078.0098
3/5/2024,2094.7138,2095.195,2003.7741,2007.697
3/6/2024,2008.9273,2036.3268,1992.3489,2017.036
3/7/2024,2020.9472,2040.904,2017.0,2030.5557
3/10/2024,2032.5846,2061.2027,2032.5846,2052.6569
3/12/2024,2065.6268,2111.246,2064.0863,2111.2143
3/13/2024,2123.9132,2124.0859,2093.8972,2108.7252
3/14/2024,2110.5555,2110.5555,2074.0587,2080.8788
3/17/2024,2082.4103,2086.0349,2064.3262,2070.2534
3/18/2024,2073.592,2075.623,2060.0891,2073.5333
3/19/2024,2074.5377,2091.5285,2064.4481,2067.2929
3/20/2024,2072.4799,2084.5975,2058.7894,2063.9504
3/21/2024,2065.5156,2074.9707,2045.1171,2048.5711
3/25/2024,2050.6811,2051.6779,2027.7705,2031.5584
3/26/2024,2033.001,2048.7448,2032.1338,2041.7002
3/27/2024,2042.0946,2053.716,2025.1029,2030.8611
3/28/2024,2033.4243,2039.3453,2023.1348,2035.644
3/31/2024,2034.7057,2040.4818,2014.3211,2018.3376
4/1/2024,2017.1759,2019.7601,2006.9657,2012.074
4/2/2024,2014.5479,2018.0745,2004.2849,2010.2189
4/3/2024,2011.6595,2017.2193,1999.8553,2006.7877
4/4/2024,2007.1334,2011.3792,2000.3372,2004.0575
4/7/2024,2009.0528,2026.8297,2000.3667,2026.8162
4/9/2024,2035.2001,2046.6187,2030.4468,2036.0159
4/10/2024,2038.1091,2045.4649,2016.3489,2025.7099
4/14/2024,2025.7008,2031.9088,2017.8856,2023.3525
4/15/2024,2022.3156,2026.9944,2002.2192,2006.5266
4/16/2024,2004.9662,2004.9662,1988.1965,1991.7147
4/18/2024,1992.3703,1992.3703,1967.3981,1972.1459
4/21/2024,1972.9202,1984.4624,1953.2993,1984.4372
4/22/2024,1984.08,1992.7826,1964.4205,1969.0242
4/24/2024,1969.4146,1979.5735,1963.3443,1969.1781
4/25/2024,1971.3601,1974.91,1960.9232,1965.9339
4/28/2024,1973.5372,1981.5501,1965.149,1980.2733
4/29/2024,1990.3172,1990.3172,1974.5283,1980.3437
4/30/2024,1991.5131,2016.6136,1979.3119,2006.2811
5/2/2024,2025.7858,2026.6237,1995.498,1998.9689
5/5/2024,1998.448,1999.1738,1969.9671,1974.3794
5/6/2024,1980.2275,1980.8173,1952.6332,1958.7525
5/7/2024,1959.9145,1970.7167,1955.1668,1960.8189
5/8/2024,1961.2798,1968.2573,1954.2223,1960.604
5/9/2024,1963.4519,1970.5542,1955.1557,1966.2341
5/12/2024,1973.7852,1981.7966,1961.8972,1974.5013
5/13/2024,1979.6841,2000.5535,1970.5405,1998.8914
5/14/2024,2000.7016,2027.597,1999.1441,2027.5137
5/15/2024,2030.8726,2048.2999,2012.5602,2017.9723
5/16/2024,2029.1028,2029.1028,2009.3513,2018.7691
5/19/2024,2044.8142,2068.9167,2028.0768,2064.4596
5/20/2024,2069.8808,2121.0128,2069.5233,2092.0054
5/21/2024,2095.566,2118.344,2081.076,2115.9475
5/22/2024,2116.7389,2140.2403,2108.3741,2131.4919
5/26/2024,2135.2535,2142.5853,2106.3619,2109.3485
5/27/2024,2111.6734,2124.5795,2096.8391,2113.2459
5/29/2024,2133.7272,2153.3903,2086.4423,2089.4294
5/30/2024,2091.0259,2100.1194,2065.5913,2069.5367
6/2/2024,2073.0649,2086.4444,2068.0816,2083.0494
6/3/2024,2087.8021,2096.5725,2073.0267,2079.071
6/4/2024,2087.0251,2092.7111,2077.5665,2085.3002
6/5/2024,2087.7362,2091.8865,2072.3131,2079.7181
6/6/2024,2080.5587,2089.1033,2073.4778,2077.7815
6/9/2024,2093.7102,2093.7102,2068.8435,2073.1905
6/10/2024,2088.14,2089.1594,2072.232,2082.094
6/11/2024,2099.7743,2115.271,2086.8117,2115.2485
6/12/2024,2116.9069,2134.1268,2116.335,2121.6265
6/13/2024,2125.3147,2127.0933,2106.2561,2112.2985
6/16/2024,2116.0337,2117.156,2090.135,2095.2585
6/18/2024,2098.5967,2099.0293,2073.9161,2076.491
6/19/2024,2077.7472,2086.8501,2073.3449,2078.7619
6/20/2024,2095.1339,2095.3837,2063.9001,2068.3189
6/23/2024,2068.7102,2079.7625,2057.3452,2062.9487
6/24/2024,2063.0924,2079.3675,2058.8159,2066.1681
6/25/2024,2067.3166,2077.6384,2067.038,2071.7748
6/26/2024,2075.7516,2077.262,2055.2075,2060.1687
6/27/2024,2059.6067,2059.9788,2046.953,2051.9274
6/30/2024,2051.7315,2059.7947,2034.5078,2037.0904
7/1/2024,2038.7021,2053.3884,2030.3861,2053.3884
7/2/2024,2085.8295,2162.4923,2085.8295,2100.4334
7/3/2024,2101.8365,2104.3819,2076.959,2104.2292
7/4/2024,2107.7751,2129.375,2105.8341,2119.7045
7/7/2024,2121.998,2147.127,2121.2698,2140.9791
7/8/2024,2143.9531,2149.193,2128.7261,2136.3514
7/9/2024,2138.6144,2152.2489,2129.717,2152.1476
7/10/2024,2162.8653,2176.6047,2160.6366,2175.4072
7/11/2024,2188.6373,2205.1555,2185.0207,2204.6173
7/14/2024,2239.411,2290.9519,2230.5052,2257.5965
7/15/2024,2277.8555,2288.1667,2231.694,2240.4109
7/16/2024,2243.0693,2310.8485,2231.8328,2310.5946
7/17/2024,2323.6758,2364.7656,2311.933,2364.6373
7/18/2024,2373.5279,2459.9432,2355.5928,2424.3265
7/21/2024,2431.4929,2494.7167,2408.2557,2485.9413
7/22/2024,2491.1748,2504.5312,2441.567,2488.0974
7/23/2024,2493.9249,2563.456,2469.562,2563.4346
7/24/2024,2573.23,2600.4146,2513.433,2536.1106
7/25/2024,2540.1444,2572.882,2518.4732,2568.1394
7/28/2024,2606.4165,2708.5844,2606.402,2681.5686
7/29/2024,2706.7341,2737.689,2655.1595,2661.0992
7/30/2024,2669.4102,2709.8921,2609.021,2696.6515
7/31/2024,2708.2454,2791.027,2707.5775,2760.9188
8/1/2024,2772.2356,2805.5732,2742.5355,2755.6238
8/5/2024,2770.3863,2806.6927,2744.1001,2796.3865
8/6/2024,2802.0409,2815.9417,2644.8595,2651.3278
8/7/2024,2644.7323,2759.6784,2630.8642,2759.6784
8/8/2024,2772.8406,2811.156,2744.8688,2766.3804
8/11/2024,2780.0869,2860.9696,2779.2498,2860.8423
8/12/2024,2876.4828,2937.4002,2876.4609,2931.6552
8/13/2024,2947.7048,2971.6963,2891.4393,2923.466
8/14/2024,2936.6217,2959.1961,2883.8132,2957.7578
8/15/2024,2979.5989,3036.6473,2975.1142,3000.8142
8/18/2024,3017.2028,3048.1552,2945.4906,2966.3348
8/21/2024,2981.0344,3002.7415,2943.6155,2968.4449
8/22/2024,2974.7811,3018.9345,2967.4719,2974.4633
8/25/2024,2987.0645,2990.0495,2885.3951,2894.5786
8/27/2024,2899.795,2902.7534,2770.3932,2782.6097
8/28/2024,2791.0906,2860.8926,2761.0232,2786.4098
8/29/2024,2791.2977,2800.2823,2727.5762,2749.5723
9/1/2024,2749.6822,2781.7579,2686.6197,2695.9337
9/2/2024,2698.0006,2823.7071,2678.917,2823.2585
9/3/2024,2834.4209,2860.4389,2802.9298,2830.2013
9/4/2024,2860.073,2860.3984,2732.4025,2739.4645
9/5/2024,2740.2102,2758.9265,2686.6248,2727.3642
9/8/2024,2732.8274,2760.4569,2697.8408,2701.9036
9/9/2024,2702.5659,2706.5405,2637.7142,2646.0396
9/10/2024,2648.0695,2688.2649,2616.9879,2632.9492
9/11/2024,2636.2993,2651.1922,2601.9144,2610.215
9/12/2024,2625.4626,2688.5532,2604.83,2688.5317
9/15/2024,2698.5151,2734.5814,2630.11,2637.799
9/16/2024,2635.9696,2637.5263,2570.6203,2580.7645
9/18/2024,2584.3458,2606.0441,2551.4013,2576.7612
9/22/2024,2601.2915,2643.5136,2570.2759,2588.3508
9/23/2024,2607.8575,2608.4319,2517.7956,2529.3302
9/24/2024,2529.1441,2547.4755,2462.6157,2470.3941
9/25/2024,2473.0618,2519.9758,2443.2806,2519.5785
9/26/2024,2519.0372,2541.6916,2479.6589,2486.7684
9/29/2024,2483.9104,2494.5796,2442.6332,2464.4074
9/30/2024,2466.6031,2508.8629,2462.7975,2508.8629
10/1/2024,2510.3475,2623.5686,2510.1179,2623.5686
10/2/2024,2629.7326,2643.768,2582.7214,2597.4901
10/6/2024,2597.5111,2653.6355,2583.259,2653.5847
10/7/2024,2656.7973,2707.1669,2656.353,2690.7221
10/8/2024,2692.4946,2699.5595,2652.6668,2663.3225
10/9/2024,2661.7984,2672.65,2643.128,2668.1797
10/15/2024,2668.0846,2700.2345,2667.8213,2699.6636
10/16/2024,2704.7907,2748.8069,2704.0473,2742.8864
10/17/2024,2747.6929,2780.973,2734.1986,2745.3643
10/20/2024,2733.3516,2748.7833,2689.4659,2697.9147
10/21/2024,2698.705,2700.8268,2635.4353,2639.9219
10/22/2024,2640.1172,2669.3852,2632.6283,2665.8109
10/23/2024,2675.2015,2684.6655,2637.5422,2645.3966
10/24/2024,2646.2991,2650.1835,2614.65,2627.1461
10/27/2024,2629.8365,2632.9459,2610.1435,2617.9519
10/28/2024,2620.9093,2647.2392,2620.6673,2645.3641
10/29/2024,2648.368,2692.1133,2647.9951,2692.056
10/30/2024,2693.8126,2705.2484,2671.3086,2677.6229
11/5/2024,2678.9742,2696.8534,2670.1283,2677.4057
11/6/2024,2679.4716,2684.8195,2669.1909,2675.5178
11/10/2024,2681.5876,2738.1248,2680.7017,2738.0635
11/11/2024,2740.1228,2782.4351,2734.4113,2760.21
11/12/2024,2765.6967,2788.3528,2741.6384,2748.9604
11/13/2024,2754.5594,2757.382,2728.1191,2734.8348
11/14/2024,2738.9075,2762.515,2729.6722,2748.7865
11/17/2024,2753.4343,2788.1257,2748.2968,2753.7698
11/19/2024,2758.4181,2759.5438,2696.422,2702.6555
11/20/2024,2705.167,2713.9373,2683.791,2711.7545
11/21/2024,2711.5551,2722.5981,2676.2502,2680.4416
11/24/2024,2690.5227,2698.767,2661.2293,2667.4068
11/25/2024,2682.2852,2694.6772,2661.2199,2683.2447
11/26/2024,2704.5786,2719.8484,2685.6463,2716.6626
11/27/2024,2721.5219,2756.3685,2721.3536,2756.3685
11/28/2024,2757.1317,2774.1404,2738.8077,2748.0594
12/1/2024,2762.2991,2764.8584,2707.946,2738.0633
12/2/2024,2749.2682,2773.472,2746.471,2758.0412
12/3/2024,2772.7439,2793.0341,2751.3183,2775.8505
12/4/2024,2795.5755,2795.7847,2747.6513,2750.8737
12/5/2024,2752.3794,2764.2924,2717.349,2734.9399
12/8/2024,2735.6513,2735.6716,2675.9296,2689.0002
12/9/2024,2687.7495,2709.5886,2662.362,2676.154
12/10/2024,2676.1057,2694.8534,2660.3689,2669.8286
12/11/2024,2671.3608,2715.7167,2662.7208,2715.7167
12/12/2024,2730.2364,2730.3141,2678.0988,2682.291
12/16/2024,2683.9995,2684.3242,2622.7661,2630.9142
12/17/2024,2633.1805,2648.5591,2611.893,2633.8718
12/18/2024,2634.4898,2656.0823,2621.0087,2628.2627
12/19/2024,2626.6186,2634.573,2593.1827,2596.829
12/22/2024,2587.3003,2614.2883,2569.0054,2583.2924
12/23/2024,2582.2852,2612.2084,2580.498,2612.2084
12/24/2024,2615.6704,2645.2023,2612.9478,2626.5222
12/26/2024,2625.4408,2639.081,2607.7516,2630.7162
12/29/2024,2631.9842,2641.1771,2601.8467,2609.5865
12/31/2024,2613.704,2613.9542,2545.3467,2576.5029
1/1/2025,2577.433,2589.4252,2567.9726,2581.6067
1/2/2025,2583.9414,2586.238,2566.2741,2586.238
1/5/2025,2586.0808,2592.9139,2574.4346,2591.561
1/6/2025,2601.0916,2640.7311,2594.3457,2640.688
1/7/2025,2654.3439,2656.5277,2625.2457,2646.8488
1/8/2025,2670.5055,2672.1488,2642.5985,2653.236
1/9/2025,2656.4976,2656.6173,2629.0692,2635.0925
1/12/2025,2651.6778,2654.8248,2602.468,2609.6795
1/13/2025,2610.0539,2615.5538,2580.7444,2594.1325
1/15/2025,2596.8273,2611.3866,2589.9958,2595.9639
1/16/2025,2598.6623,2616.9777,2580.4015,2588.625
1/19/2025,2590.1442,2604.018,2580.0178,2601.211
1/20/2025,2602.8869,2623.6115,2600.7756,2607.9958
1/21/2025,2608.2655,2618.9995,2597.6136,2613.0822
1/22/2025,2616.8874,2667.2308,2614.3725,2665.4519
1/23/2025,2670.2312,2681.4933,2644.7975,2654.3503
1/26/2025,2656.7541,2662.3604,2638.6555,2643.9354
1/27/2025,2642.3013,2650.7163,2625.5845,2633.2707
1/28/2025,2635.0698,2657.9681,2634.6903,2657.7777
2/2/2025,2662.4191,2727.5868,2662.0187,2727.5868
2/3/2025,2728.6468,2764.1701,2720.4289,2730.0039
2/4/2025,2733.577,2745.1547,2707.3728,2715.915
2/5/2025,2719.5926,2726.0763,2704.2451,2711.4589
2/6/2025,2713.8788,2720.4836,2691.5647,2699.8154
2/9/2025,2697.5159,2725.9564,2683.2858,2688.3162
2/10/2025,2684.956,2699.7952,2665.7215,2677.3286
2/11/2025,2678.1341,2691.9182,2673.0338,2683.8698
2/12/2025,2687.1659,2697.4192,2679.7889,2685.7339
2/13/2025,2686.7713,2697.3408,2673.8854,2678.4724
2/16/2025,2676.9191,2698.3156,2675.9027,2698.0389
2/17/2025,2701.2679,2738.0066,2700.5305,2727.9161
2/18/2025,2735.9424,2757.3076,2726.4344,2740.5982
2/20/2025,2738.9053,2752.3576,2720.6936,2743.743
2/23/2025,2724.0923,2768.9065,2690.4268,2755.4053
2/24/2025,2754.5486,2785.1029,2746.0077,2758.7557
2/25/2025,2759.079,2781.9549,2758.8472,2765.8891
2/27/2025,2786.651,2827.1532,2785.9809,2815.0415
3/2/2025,2829.1247,2890.2893,2826.8619,2890.2893
3/3/2025,2900.2309,2929.218,2867.4644,2876.6693
3/4/2025,2877.2235,2894.6253,2842.7877,2846.3049
3/5/2025,2846.9166,2850.1613,2808.7538,2821.137
3/6/2025,2822.7412,2834.0719,2811.3761,2818.436
3/9/2025,2819.8849,2819.9265,2766.0868,2772.1032
3/10/2025,2770.1734,2791.0389,2743.654,2751.4227
3/11/2025,2752.3105,2762.2524,2712.7435,2719.2041
3/12/2025,2718.1332,2745.58,2717.2936,2736.4866
3/16/2025,2735.9715,2739.5542,2693.5505,2714.8509
3/17/2025,2715.9445,2732.5128,2699.2,2704.701
3/18/2025,2721.8178,2723.8916,2690.5868,2697.0401
3/19/2025,2699.2613,2706.5837,2676.3048,2682.155
3/20/2025,2679.9694,2685.8728,2666.6974,2669.3127
3/23/2025,2667.6113,2669.0077,2614.0924,2614.6878
3/24/2025,2610.4556,2645.9938,2592.3277,2640.7897
3/25/2025,2652.8717,2652.8795,2581.3217,2582.7382
3/26/2025,2580.185,2625.6054,2579.4511,2621.8697
3/27/2025,2632.127,2666.1768,2621.4616,2663.3056
3/30/2025,2661.6337,2718.9595,2657.88,2693.1264
4/1/2025,2691.5992,2696.5028,2654.5736,2676.1755
4/2/2025,2693.1289,2712.2512,2669.0698,2700.0438
4/3/2025,2700.2301,2732.8589,2700.2301,2703.3993
4/7/2025,2702.0938,2710.1367,2667.5691,2670.0663
4/8/2025,2671.6204,2674.8819,2631.6867,2666.6175
4/9/2025,2681.8045,2701.123,2671.6542,2676.2836
4/10/2025,2677.5783,2687.9241,2667.0019,2670.7056
4/13/2025,2673.014,2676.7054,2657.3232,2662.0802
4/15/2025,2678.5159,2704.585,2669.2238,2689.2209
4/16/2025,2702.4605,2704.9761,2685.3693,2696.236
4/17/2025,2701.2252,2740.1363,2697.6368,2722.7348
4/20/2025,2724.5118,2731.8174,2700.8587,2706.0452
4/21/2025,2704.1891,2716.7029,2691.0761,2698.2896
4/22/2025,2695.1476,2707.8647,2682.8004,2688.3269
4/23/2025,2687.6882,2687.6882,2653.7453,2655.9469
4/24/2025,2656.4942,2668.0659,2641.8845,2658.0269
4/27/2025,2657.745,2684.5166,2657.3708,2661.6069
4/28/2025,2661.0131,2676.0596,2645.2462,2647.0701
4/29/2025,2648.9898,2666.541,2630.3004,2631.9805
4/30/2025,2631.905,2642.0794,2622.7248,2623.8377
5/4/2025,2627.9601,2645.6746,2619.2637,2620.3946
5/5/2025,2618.3331,2630.3697,2604.7943,2610.4063
5/6/2025,2608.5993,2625.7046,2608.5732,2611.4379
5/7/2025,2613.7829,2676.2503,2611.7113,2673.6912
5/8/2025,2674.7037,2687.3892,2655.7927,2661.6476
5/11/2025,2661.555,2692.5034,2648.4885,2649.11
5/13/2025,2650.5449,2669.2815,2632.2941,2634.2389
5/14/2025,2635.214,2642.9609,2619.6452,2620.2718
5/15/2025,2623.2823,2628.6738,2605.8956,2611.8528
5/18/2025,2608.258,2625.2675,2606.09,2609.0535
5/19/2025,2606.7319,2639.6907,2605.0338,2628.3619
5/20/2025,2627.6815,2681.5812,2617.4669,2677.4576
5/21/2025,2712.2564,2771.477,2667.8548,2669.5145
5/22/2025,2674.074,2705.5688,2669.5827,2688.558
5/25/2025,2693.0411,2703.7876,2665.4812,2679.985
5/26/2025,2712.6908,2745.8988,2670.3545,2674.7684
5/27/2025,2674.1501,2684.7779,2655.2997,2675.6251
5/28/2025,2675.6064,2696.7869,2666.5027,2693.0671
6/2/2025,2715.9542,2726.6034,2686.9328,2694.6684
6/3/2025,2694.0424,2699.2886,2656.3446,2658.932
6/4/2025,2660.2164,2664.5958,2641.0761,2646.9587
6/5/2025,2643.851,2661.7788,2635.3095,2640.9647
6/8/2025,2639.2659,2645.228,2626.3945,2629.899
6/9/2025,2629.2282,2657.3467,2627.7602,2653.0944
6/10/2025,2654.3141,2683.2547,2653.5784,2678.173
6/11/2025,2677.5252,2686.4587,2660.8669,2664.4769
6/12/2025,2665.2289,2672.4274,2654.6979,2655.3888
6/15/2025,2654.613,2667.6827,2653.4346,2655.8598
6/16/2025,2652.1816,2679.742,2652.132,2658.6637
6/17/2025,2659.2765,2670.2587,2649.6091,2654.7597
6/18/2025,2654.5083,2662.6932,2649.7866,2653.6827
6/19/2025,2650.9607,2661.3304,2628.2731,2628.9145
6/22/2025,2628.814,2631.8261,2594.0171,2595.9794
6/23/2025,2598.6258,2608.564,2584.4771,2600.7611
6/24/2025,2603.4658,2629.2674,2599.727,2600.5365
